nodei;nodej;frechet_m;direccion;longitud1_m;longitud2_m;longitud_promedio_m;diferencia_relativa_pct;duplicadas;atributos_iguales
148565;148525;0.0;invertida;165.41;165.41;165.41;0.0;Sí;Sí
146153;145991;0.0;invertida;5912.89;5912.89;5912.89;0.0;Sí;Sí
146252;146381;0.0;invertida;947.3;947.3;947.3;0.0;Sí;Sí
143881;144263;0.0;invertida;4121.68;4121.68;4121.68;0.0;Sí;Sí
146940;146501;0.0;invertida;1540.79;1540.79;1540.79;0.0;Sí;Sí
148118;148070;0.0;invertida;296.54;296.54;296.54;0.0;Sí;Sí
144592;144575;0.0;invertida;91.36;91.36;91.36;0.0;Sí;Sí
150682;150565;0.0;invertida;898.05;898.05;898.05;0.0;Sí;Sí
146497;146606;0.0;invertida;453.6;453.6;453.6;0.0;Sí;Sí
147091;146439;0.0;invertida;3239.05;3239.05;3239.05;0.0;Sí;Sí
147280;147244;0.0;invertida;358.81;358.81;358.81;0.0;Sí;Sí
144608;144731;0.0;invertida;0.31;0.31;0.31;0.0;Sí;Sí
147426;147398;0.0;invertida;112.54;112.54;112.54;0.0;Sí;Sí
150620;150565;0.0;invertida;1681.41;1681.41;1681.41;0.0;Sí;Sí
147213;147205;0.0;invertida;112.15;112.15;112.15;0.0;Sí;Sí
146977;147054;0.0;invertida;220.81;220.81;220.81;0.0;Sí;Sí
148490;148525;0.0;invertida;127.19;127.19;127.19;0.0;Sí;Sí
146379;146383;0.0;invertida;24.38;24.38;24.38;0.0;Sí;Sí
145402;145519;0.0;invertida;581.67;581.67;581.67;0.0;Sí;Sí
146891;146916;0.0;invertida;482.34;482.34;482.34;0.0;Sí;Sí
144953;144870;0.0;invertida;499.97;499.97;499.97;0.0;Sí;Sí
150976;151376;0.0;invertida;3220.8;3220.8;3220.8;0.0;Sí;Sí
147754;147702;0.0;invertida;160.94;160.94;160.94;0.0;Sí;Sí
148681;207931;0.0;invertida;433.72;433.72;433.72;0.0;Sí;Sí
147914;147724;0.0;invertida;555.14;555.14;555.14;0.0;Sí;Sí
75109;148943;0.0;invertida;693.02;693.02;693.02;0.0;Sí;Sí
150377;150434;0.0;invertida;260.08;260.08;260.08;0.0;Sí;Sí
149573;149631;0.0;invertida;1058.43;1058.43;1058.43;0.0;Sí;Sí
148629;75102;0.0;invertida;180.47;180.47;180.47;0.0;Sí;Sí
144699;144701;0.0;invertida;141.77;141.77;141.77;0.0;Sí;Sí
147195;147174;0.0;invertida;157.1;157.1;157.1;0.0;Sí;Sí
149098;149043;0.0;invertida;366.75;366.75;366.75;0.0;Sí;Sí
149667;149669;0.0;invertida;58.0;58.0;58.0;0.0;Sí;Sí
149571;149380;0.0;invertida;3500.25;3500.25;3500.25;0.0;Sí;Sí
146697;146747;0.0;invertida;266.14;266.14;266.14;0.0;Sí;Sí
149192;149203;0.0;invertida;131.27;131.27;131.27;0.0;Sí;Sí
148987;149163;0.0;invertida;2533.12;2533.12;2533.12;0.0;Sí;Sí
143795;143870;0.0;invertida;1780.13;1780.13;1780.13;0.0;Sí;Sí
145992;146013;0.0;invertida;144.53;144.53;144.53;0.0;Sí;Sí
147794;147574;0.0;invertida;675.89;675.89;675.89;0.0;Sí;Sí
150132;150599;0.0;invertida;3751.3;3751.3;3751.3;0.0;Sí;Sí
146597;146639;0.0;invertida;627.24;627.24;627.24;0.0;Sí;Sí
141321;141617;0.0;invertida;3.21;3.21;3.21;0.0;Sí;Sí
147512;147537;0.0;invertida;117.99;117.99;117.99;0.0;Sí;Sí
148210;148299;0.0;invertida;311.12;311.12;311.12;0.0;Sí;Sí
144024;144023;0.0;invertida;22.22;22.22;22.22;0.0;Sí;Sí
146864;146925;0.0;invertida;225.6;225.6;225.6;0.0;Sí;Sí
146554;146620;0.0;invertida;328.56;328.56;328.56;0.0;Sí;Sí
146652;146630;0.0;invertida;798.83;798.83;798.83;0.0;Sí;Sí
144699;144910;0.0;invertida;1472.48;1472.48;1472.48;0.0;Sí;Sí
148732;148743;0.0;invertida;200.53;200.53;200.53;0.0;Sí;Sí
142507;142671;0.0;invertida;2003.66;2003.66;2003.66;0.0;Sí;Sí
142208;142198;0.0;invertida;68.67;68.67;68.67;0.0;Sí;Sí
146626;146654;0.0;invertida;84.55;84.55;84.55;0.0;Sí;Sí
147225;147382;0.0;invertida;341.15;341.15;341.15;0.0;Sí;Sí
150338;150326;0.0;invertida;134.35;134.35;134.35;0.0;Sí;Sí
149090;149349;0.0;invertida;2105.81;2105.81;2105.81;0.0;Sí;Sí
149824;149745;0.0;invertida;612.75;612.75;612.75;0.0;Sí;Sí
146270;146166;0.0;invertida;989.95;989.95;989.95;0.0;Sí;Sí
150372;150301;0.0;invertida;1500.64;1500.64;1500.64;0.0;Sí;Sí
144780;144869;0.0;invertida;569.05;569.05;569.05;0.0;Sí;Sí
148529;148508;0.0;invertida;375.71;375.71;375.71;0.0;Sí;Sí
144154;144059;0.0;invertida;1148.39;1148.39;1148.39;0.0;Sí;Sí
147953;147719;0.0;invertida;3045.49;3045.49;3045.49;0.0;Sí;Sí
141797;142079;0.0;invertida;3281.61;3281.61;3281.61;0.0;Sí;Sí
143810;143870;0.0;invertida;332.77;332.77;332.77;0.0;Sí;Sí
147586;147619;0.0;invertida;130.83;130.83;130.83;0.0;Sí;Sí
148553;148557;0.0;invertida;49.02;49.02;49.02;0.0;Sí;Sí
142568;143767;0.0;invertida;8566.2;8566.2;8566.2;0.0;Sí;Sí
147188;147199;0.0;invertida;130.51;130.51;130.51;0.0;Sí;Sí
142192;142210;0.0;invertida;133.86;133.86;133.86;0.0;Sí;Sí
146795;146892;0.0;invertida;323.7;323.7;323.7;0.0;Sí;Sí
145500;145495;0.0;invertida;140.53;140.53;140.53;0.0;Sí;Sí
148249;148171;0.0;invertida;853.9;853.9;853.9;0.0;Sí;Sí
148622;148567;0.0;invertida;835.07;835.07;835.07;0.0;Sí;Sí
148577;148531;0.0;invertida;265.74;265.74;265.74;0.0;Sí;Sí
207931;148605;0.0;invertida;291.39;291.39;291.39;0.0;Sí;Sí
150674;150682;0.0;invertida;1.2;1.2;1.2;0.0;Sí;Sí
147585;208074;0.0;invertida;210.47;210.47;210.47;0.0;Sí;Sí
146022;145950;0.0;invertida;425.37;425.37;425.37;0.0;Sí;Sí
149955;149653;0.0;invertida;1790.53;1790.53;1790.53;0.0;Sí;Sí
145353;145186;0.0;invertida;1551.25;1551.25;1551.25;0.0;Sí;Sí
145808;146049;0.0;invertida;1563.18;1563.18;1563.18;0.0;Sí;Sí
147411;147404;0.0;invertida;31.71;31.71;31.71;0.0;Sí;Sí
144139;144044;0.0;invertida;1168.38;1168.38;1168.38;0.0;Sí;Sí
148922;148932;0.0;invertida;85.11;85.11;85.11;0.0;Sí;Sí
144861;144870;0.0;invertida;70.19;70.19;70.19;0.0;Sí;Sí
147730;147749;0.0;invertida;89.98;89.98;89.98;0.0;Sí;Sí
147777;147749;0.0;invertida;106.14;106.14;106.14;0.0;Sí;Sí
147005;146879;0.0;invertida;367.12;367.12;367.12;0.0;Sí;Sí
149056;149043;0.0;invertida;368.07;368.07;368.07;0.0;Sí;Sí
148932;148950;0.0;invertida;159.79;159.79;159.79;0.0;Sí;Sí
149680;149623;0.0;invertida;330.14;330.14;330.14;0.0;Sí;Sí
146450;146470;0.0;invertida;994.42;994.42;994.42;0.0;Sí;Sí
148665;148980;0.0;invertida;2883.91;2883.91;2883.91;0.0;Sí;Sí
149457;149415;0.0;invertida;282.7;282.7;282.7;0.0;Sí;Sí
150018;150134;0.0;invertida;816.15;816.15;816.15;0.0;Sí;Sí
149320;149270;0.0;invertida;439.11;439.11;439.11;0.0;Sí;Sí
146506;146478;0.0;invertida;133.95;133.95;133.95;0.0;Sí;Sí
208074;147717;0.0;invertida;275.75;275.75;275.75;0.0;Sí;Sí
146818;147341;0.0;invertida;3271.56;3271.56;3271.56;0.0;Sí;Sí
145961;146095;0.0;invertida;873.32;873.32;873.32;0.0;Sí;Sí
147056;147520;0.0;invertida;1362.16;1362.16;1362.16;0.0;Sí;Sí
149418;149638;0.0;invertida;1810.67;1810.67;1810.67;0.0;Sí;Sí
147626;147635;0.0;invertida;95.82;95.82;95.82;0.0;Sí;Sí
147469;147558;0.0;invertida;331.93;331.93;331.93;0.0;Sí;Sí
147824;147767;0.0;invertida;201.7;201.7;201.7;0.0;Sí;Sí
147052;146774;0.0;invertida;1015.82;1015.82;1015.82;0.0;Sí;Sí
147186;146999;0.0;invertida;516.8;516.8;516.8;0.0;Sí;Sí
144661;144654;0.0;invertida;50.38;50.38;50.38;0.0;Sí;Sí
149932;149804;0.0;invertida;1004.74;1004.74;1004.74;0.0;Sí;Sí
149340;149341;0.0;invertida;22.4;22.4;22.4;0.0;Sí;Sí
148126;148070;0.0;invertida;123.02;123.02;123.02;0.0;Sí;Sí
149676;149655;0.0;invertida;121.91;121.91;121.91;0.0;Sí;Sí
148080;148088;0.0;invertida;427.68;427.68;427.68;0.0;Sí;Sí
148930;148940;0.0;invertida;32.11;32.11;32.11;0.0;Sí;Sí
149850;149638;0.0;invertida;1742.98;1742.98;1742.98;0.0;Sí;Sí
146846;146799;0.0;invertida;225.64;225.64;225.64;0.0;Sí;Sí
147672;148377;0.0;invertida;3092.02;3092.02;3092.02;0.0;Sí;Sí
149955;149979;0.0;invertida;83.6;83.6;83.6;0.0;Sí;Sí
149163;149158;0.0;invertida;959.29;959.29;959.29;0.0;Sí;Sí
141748;141797;0.0;invertida;755.86;755.86;755.86;0.0;Sí;Sí
148728;148737;0.0;invertida;94.49;94.49;94.49;0.0;Sí;Sí
148626;148790;0.0;invertida;1029.88;1029.88;1029.88;0.0;Sí;Sí
146682;146701;0.0;invertida;153.85;153.85;153.85;0.0;Sí;Sí
144617;144657;0.0;invertida;490.54;490.54;490.54;0.0;Sí;Sí
75001;147940;0.0;invertida;390.17;390.17;390.17;0.0;Sí;Sí
149932;149988;0.0;invertida;371.6;371.6;371.6;0.0;Sí;Sí
148066;148060;0.0;invertida;40.21;40.21;40.21;0.0;Sí;Sí
75122;148115;0.0;invertida;510.35;510.35;510.35;0.0;Sí;Sí
146149;146133;0.0;invertida;800.86;800.86;800.86;0.0;Sí;Sí
148531;148511;0.0;invertida;120.78;120.78;120.78;0.0;Sí;Sí
142147;142148;0.0;invertida;28.05;28.05;28.05;0.0;Sí;Sí
148907;148971;0.0;invertida;813.07;813.07;813.07;0.0;Sí;Sí
149347;149341;0.0;invertida;80.09;80.09;80.09;0.0;Sí;Sí
146641;146619;0.0;invertida;99.85;99.85;99.85;0.0;Sí;Sí
146686;146711;0.0;invertida;169.78;169.78;169.78;0.0;Sí;Sí
146765;146735;0.0;invertida;110.79;110.79;110.79;0.0;Sí;Sí
152002;151562;0.0;invertida;3317.8;3317.8;3317.8;0.0;Sí;Sí
150976;150603;0.0;invertida;4336.77;4336.77;4336.77;0.0;Sí;Sí
146648;146639;0.0;invertida;372.83;372.83;372.83;0.0;Sí;Sí
149340;149277;0.0;invertida;459.79;459.79;459.79;0.0;Sí;Sí
148305;148324;0.0;invertida;303.65;303.65;303.65;0.0;Sí;Sí
149008;148893;0.0;invertida;1103.42;1103.42;1103.42;0.0;Sí;Sí
208186;147767;0.0;invertida;119.6;119.6;119.6;0.0;Sí;Sí
146711;146703;0.0;invertida;38.3;38.3;38.3;0.0;Sí;Sí
149018;149043;0.0;invertida;942.15;942.15;942.15;0.0;Sí;Sí
146800;147528;0.0;invertida;2131.88;2131.88;2131.88;0.0;Sí;Sí
148233;148220;0.0;invertida;61.06;61.06;61.06;0.0;Sí;Sí
149640;149631;0.0;invertida;161.36;161.36;161.36;0.0;Sí;Sí
149913;150026;0.0;invertida;552.67;552.67;552.67;0.0;Sí;Sí
146600;146436;0.0;invertida;761.83;761.83;761.83;0.0;Sí;Sí
149320;149341;0.0;invertida;224.91;224.91;224.91;0.0;Sí;Sí
147833;147866;0.0;invertida;64.9;64.9;64.9;0.0;Sí;Sí
148520;148412;0.0;invertida;439.76;439.76;439.76;0.0;Sí;Sí
147185;208425;0.0;invertida;81.64;81.64;81.64;0.0;Sí;Sí
150179;150070;0.0;invertida;867.03;867.03;867.03;0.0;Sí;Sí
146586;146580;0.0;invertida;83.9;83.9;83.9;0.0;Sí;Sí
149233;149046;0.0;invertida;1807.04;1807.04;1807.04;0.0;Sí;Sí
146901;146678;0.0;invertida;813.83;813.83;813.83;0.0;Sí;Sí
148843;148603;0.0;invertida;1290.94;1290.94;1290.94;0.0;Sí;Sí
146714;146668;0.0;invertida;279.05;279.05;279.05;0.0;Sí;Sí
143933;143909;0.0;invertida;160.75;160.75;160.75;0.0;Sí;Sí
148784;149607;0.0;invertida;15023.48;15023.48;15023.48;0.0;Sí;Sí
148128;148158;0.0;invertida;143.42;143.42;143.42;0.0;Sí;Sí
143696;143716;0.0;invertida;226.59;226.59;226.59;0.0;Sí;Sí
151089;150994;0.0;invertida;1234.85;1234.85;1234.85;0.0;Sí;Sí
147056;146773;0.0;invertida;1308.81;1308.81;1308.81;0.0;Sí;Sí
143824;143827;0.0;invertida;48.78;48.78;48.78;0.0;Sí;Sí
145614;145495;0.0;invertida;1665.57;1665.57;1665.57;0.0;Sí;Sí
75105;75102;0.0;invertida;405.97;405.97;405.97;0.0;Sí;Sí
147457;147407;0.0;invertida;320.47;320.47;320.47;0.0;Sí;Sí
148062;148055;0.0;invertida;103.06;103.06;103.06;0.0;Sí;Sí
150833;150509;0.0;invertida;3567.72;3567.72;3567.72;0.0;Sí;Sí
144703;144695;0.0;invertida;138.06;138.06;138.06;0.0;Sí;Sí
148897;148974;0.0;invertida;1587.53;1587.53;1587.53;0.0;Sí;Sí
146649;146595;0.0;invertida;297.35;297.35;297.35;0.0;Sí;Sí
148448;148473;0.0;invertida;104.91;104.91;104.91;0.0;Sí;Sí
148762;148773;0.0;invertida;166.35;166.35;166.35;0.0;Sí;Sí
149529;149540;0.0;invertida;65.25;65.25;65.25;0.0;Sí;Sí
143990;143967;0.0;invertida;0.53;0.53;0.53;0.0;Sí;Sí
143804;143815;0.0;invertida;98.46;98.46;98.46;0.0;Sí;Sí
149209;149515;0.0;invertida;2327.34;2327.34;2327.34;0.0;Sí;Sí
75115;147725;0.0;invertida;595.12;595.12;595.12;0.0;Sí;Sí
145752;145438;0.0;invertida;1714.23;1714.23;1714.23;0.0;Sí;Sí
148427;148423;0.0;invertida;265.28;265.28;265.28;0.0;Sí;Sí
146665;146644;0.0;invertida;172.49;172.49;172.49;0.0;Sí;Sí
147849;147883;0.0;invertida;706.85;706.85;706.85;0.0;Sí;Sí
208219;147052;0.0;invertida;195.24;195.24;195.24;0.0;Sí;Sí
148690;148637;0.0;invertida;384.87;384.87;384.87;0.0;Sí;Sí
144688;144363;0.0;invertida;2069.87;2069.87;2069.87;0.0;Sí;Sí
146644;146622;0.0;invertida;117.61;117.61;117.61;0.0;Sí;Sí
146546;146595;0.0;invertida;187.04;187.04;187.04;0.0;Sí;Sí
146594;146586;0.0;invertida;66.75;66.75;66.75;0.0;Sí;Sí
147682;147676;0.0;invertida;53.39;53.39;53.39;0.0;Sí;Sí
146470;146471;0.0;invertida;87.04;87.04;87.04;0.0;Sí;Sí
148434;207931;0.0;invertida;729.44;729.44;729.44;0.0;Sí;Sí
147968;147963;0.0;invertida;135.53;135.53;135.53;0.0;Sí;Sí
144404;144055;0.0;invertida;3452.92;3452.92;3452.92;0.0;Sí;Sí
147767;147751;0.0;invertida;64.26;64.26;64.26;0.0;Sí;Sí
148746;148783;0.0;invertida;378.85;378.85;378.85;0.0;Sí;Sí
147003;147101;0.0;invertida;327.09;327.09;327.09;0.0;Sí;Sí
147049;146989;0.0;invertida;477.36;477.36;477.36;0.0;Sí;Sí
149824;149802;0.0;invertida;607.05;607.05;607.05;0.0;Sí;Sí
147370;147390;0.0;invertida;99.5;99.5;99.5;0.0;Sí;Sí
146385;146478;0.0;invertida;581.28;581.28;581.28;0.0;Sí;Sí
148809;148818;0.0;invertida;101.34;101.34;101.34;0.0;Sí;Sí
207931;208231;0.0;invertida;541.29;541.29;541.29;0.0;Sí;Sí
147435;147350;0.0;invertida;304.51;304.51;304.51;0.0;Sí;Sí
146547;146579;0.0;invertida;101.44;101.44;101.44;0.0;Sí;Sí
148412;148380;0.0;invertida;279.23;279.23;279.23;0.0;Sí;Sí
148762;148802;0.0;invertida;230.33;230.33;230.33;0.0;Sí;Sí
75104;75101;0.0;invertida;413.33;413.33;413.33;0.0;Sí;Sí
149627;149612;0.0;invertida;151.69;151.69;151.69;0.0;Sí;Sí
148219;75119;0.0;invertida;338.62;338.62;338.62;0.0;Sí;Sí
149664;149662;0.0;invertida;44.14;44.14;44.14;0.0;Sí;Sí
144754;144780;0.0;invertida;352.07;352.07;352.07;0.0;Sí;Sí
149420;149623;0.0;invertida;1530.12;1530.12;1530.12;0.0;Sí;Sí
150616;150620;0.0;invertida;106.91;106.91;106.91;0.0;Sí;Sí
148357;75119;0.0;invertida;140.98;140.98;140.98;0.0;Sí;Sí
144704;144994;0.0;invertida;1835.75;1835.75;1835.75;0.0;Sí;Sí
147188;147197;0.0;invertida;87.0;87.0;87.0;0.0;Sí;Sí
149256;149269;0.0;invertida;62.41;62.41;62.41;0.0;Sí;Sí
147725;147685;0.0;invertida;1777.46;1777.46;1777.46;0.0;Sí;Sí
148393;148386;0.0;invertida;224.81;224.81;224.81;0.0;Sí;Sí
149233;149346;0.0;invertida;857.36;857.36;857.36;0.0;Sí;Sí
150338;150362;0.0;invertida;172.3;172.3;172.3;0.0;Sí;Sí
147139;147156;0.0;invertida;61.69;61.69;61.69;0.0;Sí;Sí
141617;141797;0.0;invertida;1857.87;1857.87;1857.87;0.0;Sí;Sí
149824;149862;0.0;invertida;239.47;239.47;239.47;0.0;Sí;Sí
148665;148565;0.0;invertida;524.27;524.27;524.27;0.0;Sí;Sí
141649;141748;0.0;invertida;1.87;1.87;1.87;0.0;Sí;Sí
147412;147382;0.0;invertida;147.05;147.05;147.05;0.0;Sí;Sí
144728;144703;0.0;invertida;173.51;173.51;173.51;0.0;Sí;Sí
147994;148036;0.0;invertida;428.46;428.46;428.46;0.0;Sí;Sí
147195;147199;0.0;invertida;185.27;185.27;185.27;0.0;Sí;Sí
145930;146075;0.0;invertida;2.96;2.96;2.96;0.0;Sí;Sí
148405;148383;0.0;invertida;201.15;201.15;201.15;0.0;Sí;Sí
146488;146487;0.0;invertida;183.56;183.56;183.56;0.0;Sí;Sí
148810;148790;0.0;invertida;271.29;271.29;271.29;0.0;Sí;Sí
145938;145870;0.0;invertida;379.23;379.23;379.23;0.0;Sí;Sí
147096;147262;0.0;invertida;448.05;448.05;448.05;0.0;Sí;Sí
144318;143766;0.0;invertida;4680.65;4680.65;4680.65;0.0;Sí;Sí
143881;143829;0.0;invertida;266.77;266.77;266.77;0.0;Sí;Sí
148968;148871;0.0;invertida;735.98;735.98;735.98;0.0;Sí;Sí
144552;144023;0.0;invertida;6384.14;6384.14;6384.14;0.0;Sí;Sí
146713;146795;0.0;invertida;249.72;249.72;249.72;0.0;Sí;Sí
146718;146711;0.0;invertida;36.3;36.3;36.3;0.0;Sí;Sí
207929;75111;0.0;invertida;138.82;138.82;138.82;0.0;Sí;Sí
144139;144263;0.0;invertida;3297.56;3297.56;3297.56;0.0;Sí;Sí
147864;148140;0.0;invertida;800.74;800.74;800.74;0.0;Sí;Sí
146681;146654;0.0;invertida;92.94;92.94;92.94;0.0;Sí;Sí
146660;146662;0.0;invertida;59.79;59.79;59.79;0.0;Sí;Sí
146770;146821;0.0;invertida;184.47;184.47;184.47;0.0;Sí;Sí
143577;143585;0.0;invertida;80.78;80.78;80.78;0.0;Sí;Sí
145617;145604;0.0;invertida;34.07;34.07;34.07;0.0;Sí;Sí
146465;146357;0.0;invertida;1297.66;1297.66;1297.66;0.0;Sí;Sí
147976;147993;0.0;invertida;292.64;292.64;292.64;0.0;Sí;Sí
147877;147911;0.0;invertida;124.46;124.46;124.46;0.0;Sí;Sí
150715;150556;0.0;invertida;1878.18;1878.18;1878.18;0.0;Sí;Sí
208425;147156;0.0;invertida;163.65;163.65;163.65;0.0;Sí;Sí
146987;146965;0.0;invertida;72.36;72.36;72.36;0.0;Sí;Sí
149046;148975;0.0;invertida;1855.63;1855.63;1855.63;0.0;Sí;Sí
146651;146654;0.0;invertida;109.12;109.12;109.12;0.0;Sí;Sí
148422;148398;0.0;invertida;123.41;123.41;123.41;0.0;Sí;Sí
143667;143349;0.0;invertida;1947.75;1947.75;1947.75;0.0;Sí;Sí
149346;149380;0.0;invertida;374.99;374.99;374.99;0.0;Sí;Sí
147189;147182;0.0;invertida;36.04;36.04;36.04;0.0;Sí;Sí
144950;144991;0.0;invertida;368.35;368.35;368.35;0.0;Sí;Sí
142133;142086;0.0;invertida;621.51;621.51;621.51;0.0;Sí;Sí
146659;146647;0.0;invertida;146.4;146.4;146.4;0.0;Sí;Sí
147497;147411;0.0;invertida;383.2;383.2;383.2;0.0;Sí;Sí
148506;148594;0.0;invertida;354.63;354.63;354.63;0.0;Sí;Sí
147594;147823;0.0;invertida;760.23;760.23;760.23;0.0;Sí;Sí
145752;145833;0.0;invertida;304.25;304.25;304.25;0.0;Sí;Sí
142144;142147;0.0;invertida;34.0;34.0;34.0;0.0;Sí;Sí
146674;146660;0.0;invertida;56.21;56.21;56.21;0.0;Sí;Sí
148856;148851;0.0;invertida;79.43;79.43;79.43;0.0;Sí;Sí
145958;145423;0.0;invertida;2387.0;2387.0;2387.0;0.0;Sí;Sí
145353;144994;0.0;invertida;1785.35;1785.35;1785.35;0.0;Sí;Sí
148759;148751;0.0;invertida;112.23;112.23;112.23;0.0;Sí;Sí
148088;147866;0.0;invertida;854.35;854.35;854.35;0.0;Sí;Sí
147942;147823;0.0;invertida;488.71;488.71;488.71;0.0;Sí;Sí
148889;148908;0.0;invertida;174.88;174.88;174.88;0.0;Sí;Sí
146036;145982;0.0;invertida;282.77;282.77;282.77;0.0;Sí;Sí
144592;144624;0.0;invertida;191.1;191.1;191.1;0.0;Sí;Sí
144608;144704;0.0;invertida;2524.25;2524.25;2524.25;0.0;Sí;Sí
147889;147946;0.0;invertida;161.55;161.55;161.55;0.0;Sí;Sí
75106;148627;0.0;invertida;95.46;95.46;95.46;0.0;Sí;Sí
147545;147623;0.0;invertida;517.92;517.92;517.92;0.0;Sí;Sí
147643;147605;0.0;invertida;102.89;102.89;102.89;0.0;Sí;Sí
148627;75103;0.0;invertida;756.18;756.18;756.18;0.0;Sí;Sí
144024;143307;0.0;invertida;6571.78;6571.78;6571.78;0.0;Sí;Sí
148113;148603;0.0;invertida;1778.42;1778.42;1778.42;0.0;Sí;Sí
147221;147182;0.0;invertida;80.6;80.6;80.6;0.0;Sí;Sí
146075;146166;0.0;invertida;976.66;976.66;976.66;0.0;Sí;Sí
148896;148567;0.0;invertida;1955.27;1955.27;1955.27;0.0;Sí;Sí
146608;146598;0.0;invertida;672.87;672.87;672.87;0.0;Sí;Sí
148259;148303;0.0;invertida;173.04;173.04;173.04;0.0;Sí;Sí
75121;75122;0.0;invertida;1837.5;1837.5;1837.5;0.0;Sí;Sí
148451;148525;0.0;invertida;851.8;851.8;851.8;0.0;Sí;Sí
149709;150271;0.0;invertida;3086.27;3086.27;3086.27;0.0;Sí;Sí
147968;147942;0.0;invertida;246.1;246.1;246.1;0.0;Sí;Sí
142210;142278;0.0;invertida;778.51;778.51;778.51;0.0;Sí;Sí
147864;148236;0.0;invertida;1116.69;1116.69;1116.69;0.0;Sí;Sí
145584;144978;0.0;invertida;3491.21;3491.21;3491.21;0.0;Sí;Sí
150179;150188;0.0;invertida;51.07;51.07;51.07;0.0;Sí;Sí
147621;147607;0.0;invertida;29.28;29.28;29.28;0.0;Sí;Sí
148643;148639;0.0;invertida;229.58;229.58;229.58;0.0;Sí;Sí
146304;146319;0.0;invertida;150.96;150.96;150.96;0.0;Sí;Sí
150267;150285;0.0;invertida;79.45;79.45;79.45;0.0;Sí;Sí
145162;145418;0.0;invertida;2601.35;2601.35;2601.35;0.0;Sí;Sí
149627;149635;0.0;invertida;75.6;75.6;75.6;0.0;Sí;Sí
147013;147095;0.0;invertida;361.63;361.63;361.63;0.0;Sí;Sí
148255;148215;0.0;invertida;174.05;174.05;174.05;0.0;Sí;Sí
146916;146949;0.0;invertida;222.41;222.41;222.41;0.0;Sí;Sí
143577;143524;0.0;invertida;244.28;244.28;244.28;0.0;Sí;Sí
148585;148603;0.0;invertida;1853.55;1853.55;1853.55;0.0;Sí;Sí
142086;142079;0.0;invertida;89.59;89.59;89.59;0.0;Sí;Sí
147545;147457;0.0;invertida;249.84;249.84;249.84;0.0;Sí;Sí
146484;146487;0.0;invertida;41.02;41.02;41.02;0.0;Sí;Sí
148428;148686;0.0;invertida;3217.11;3217.11;3217.11;0.0;Sí;Sí
147012;147260;0.0;invertida;719.59;719.59;719.59;0.0;Sí;Sí
148324;148327;0.0;invertida;40.45;40.45;40.45;0.0;Sí;Sí
147937;148115;0.0;invertida;491.64;491.64;491.64;0.0;Sí;Sí
148553;148535;0.0;invertida;52.57;52.57;52.57;0.0;Sí;Sí
142192;142188;0.0;invertida;30.06;30.06;30.06;0.0;Sí;Sí
147426;147522;0.0;invertida;308.52;308.52;308.52;0.0;Sí;Sí
145593;145450;0.0;invertida;780.09;780.09;780.09;0.0;Sí;Sí
148251;148261;0.0;invertida;309.87;309.87;309.87;0.0;Sí;Sí
144013;143942;0.0;invertida;1466.85;1466.85;1466.85;0.0;Sí;Sí
149690;149749;0.0;invertida;451.91;451.91;451.91;0.0;Sí;Sí
146006;146191;0.0;invertida;2072.59;2072.59;2072.59;0.0;Sí;Sí
150715;150702;0.0;invertida;82.07;82.07;82.07;0.0;Sí;Sí
143568;143411;0.0;invertida;900.93;900.93;900.93;0.0;Sí;Sí
146554;146294;0.0;invertida;1838.02;1838.02;1838.02;0.0;Sí;Sí
148587;148548;0.0;invertida;193.78;193.78;193.78;0.0;Sí;Sí
147635;147719;0.0;invertida;937.18;937.18;937.18;0.0;Sí;Sí
148490;148470;0.0;invertida;72.33;72.33;72.33;0.0;Sí;Sí
147100;147085;0.0;invertida;68.03;68.03;68.03;0.0;Sí;Sí
146381;146406;0.0;invertida;179.74;179.74;179.74;0.0;Sí;Sí
148432;148430;0.0;invertida;224.49;224.49;224.49;0.0;Sí;Sí
147825;147849;0.0;invertida;87.39;87.39;87.39;0.0;Sí;Sí
149979;149995;0.0;invertida;62.25;62.25;62.25;0.0;Sí;Sí
147586;147556;0.0;invertida;90.1;90.1;90.1;0.0;Sí;Sí
146258;146383;0.0;invertida;925.96;925.96;925.96;0.0;Sí;Sí
148182;148206;0.0;invertida;71.54;71.54;71.54;0.0;Sí;Sí
146235;146036;0.0;invertida;1670.63;1670.63;1670.63;0.0;Sí;Sí
142208;142134;0.0;invertida;7054.59;7054.59;7054.59;0.0;Sí;Sí
148800;148899;0.0;invertida;2314.68;2314.68;2314.68;0.0;Sí;Sí
148930;148925;0.0;invertida;63.07;63.07;63.07;0.0;Sí;Sí
146792;146747;0.0;invertida;319.85;319.85;319.85;0.0;Sí;Sí
148888;148879;0.0;invertida;227.88;227.88;227.88;0.0;Sí;Sí
149317;149071;0.0;invertida;2274.13;2274.13;2274.13;0.0;Sí;Sí
147824;147829;0.0;invertida;25.58;25.58;25.58;0.0;Sí;Sí
142181;142150;0.0;invertida;509.84;509.84;509.84;0.0;Sí;Sí
148948;148940;0.0;invertida;106.62;106.62;106.62;0.0;Sí;Sí
146186;146333;0.0;invertida;2043.27;2043.27;2043.27;0.0;Sí;Sí
146547;146508;0.0;invertida;160.11;160.11;160.11;0.0;Sí;Sí
144685;144695;0.0;invertida;136.94;136.94;136.94;0.0;Sí;Sí
150026;150070;0.0;invertida;316.79;316.79;316.79;0.0;Sí;Sí
144817;144794;0.0;invertida;169.97;169.97;169.97;0.0;Sí;Sí
143634;143766;0.0;invertida;1244.9;1244.9;1244.9;0.0;Sí;Sí
148134;148023;0.0;invertida;347.8;347.8;347.8;0.0;Sí;Sí
75096;147842;0.0;invertida;447.55;447.55;447.55;0.0;Sí;Sí
144728;144737;0.0;invertida;82.25;82.25;82.25;0.0;Sí;Sí
146979;146973;0.0;invertida;67.46;67.46;67.46;0.0;Sí;Sí
208192;147772;0.0;invertida;81.95;81.95;81.95;0.0;Sí;Sí
143658;143666;0.0;invertida;105.3;105.3;105.3;0.0;Sí;Sí
208186;148036;0.0;invertida;623.84;623.84;623.84;0.0;Sí;Sí
143809;143823;0.0;invertida;345.56;345.56;345.56;0.0;Sí;Sí
148356;148303;0.0;invertida;218.41;218.41;218.41;0.0;Sí;Sí
149256;149158;0.0;invertida;1103.15;1103.15;1103.15;0.0;Sí;Sí
146133;146111;0.0;invertida;156.51;156.51;156.51;0.0;Sí;Sí
151376;151531;0.0;invertida;684.43;684.43;684.43;0.0;Sí;Sí
149317;149343;0.0;invertida;1934.29;1934.29;1934.29;0.0;Sí;Sí
147122;147068;0.0;invertida;170.77;170.77;170.77;0.0;Sí;Sí
147777;75189;0.0;invertida;244.16;244.16;244.16;0.0;Sí;Sí
144699;144303;0.0;invertida;2804.81;2804.81;2804.81;0.0;Sí;Sí
147658;147676;0.0;invertida;106.75;106.75;106.75;0.0;Sí;Sí
147529;75114;0.0;invertida;318.55;318.55;318.55;0.0;Sí;Sí
149092;148941;0.0;invertida;3258.09;3258.09;3258.09;0.0;Sí;Sí
149900;149862;0.0;invertida;135.41;135.41;135.41;0.0;Sí;Sí
144404;144437;0.0;invertida;1416.0;1416.0;1416.0;0.0;Sí;Sí
149116;149351;0.0;invertida;3014.38;3014.38;3014.38;0.0;Sí;Sí
147626;147605;0.0;invertida;139.49;139.49;139.49;0.0;Sí;Sí
142275;142283;0.0;invertida;4.93;4.93;4.93;0.0;Sí;Sí
75113;147404;0.0;invertida;218.48;218.48;218.48;0.0;Sí;Sí
142568;142386;0.0;invertida;2970.93;2970.93;2970.93;0.0;Sí;Sí
146449;146399;0.0;invertida;313.39;313.39;313.39;0.0;Sí;Sí
148484;148508;0.0;invertida;215.89;215.89;215.89;0.0;Sí;Sí
144437;144543;0.0;invertida;622.85;622.85;622.85;0.0;Sí;Sí
148728;148762;0.0;invertida;272.9;272.9;272.9;0.0;Sí;Sí
148877;148783;0.0;invertida;2725.92;2725.92;2725.92;0.0;Sí;Sí
144752;144737;0.0;invertida;292.49;292.49;292.49;0.0;Sí;Sí
148260;148303;0.0;invertida;187.66;187.66;187.66;0.0;Sí;Sí
147387;147351;0.0;invertida;126.76;126.76;126.76;0.0;Sí;Sí
147752;147745;0.0;invertida;38.31;38.31;38.31;0.0;Sí;Sí
149673;149723;0.0;invertida;383.83;383.83;383.83;0.0;Sí;Sí
149200;149083;0.0;invertida;1103.33;1103.33;1103.33;0.0;Sí;Sí
75120;148201;0.0;invertida;63.57;63.57;63.57;0.0;Sí;Sí
146973;146967;0.0;invertida;66.51;66.51;66.51;0.0;Sí;Sí
145617;145927;0.0;invertida;1232.36;1232.36;1232.36;0.0;Sí;Sí
146592;146612;0.0;invertida;381.29;381.29;381.29;0.0;Sí;Sí
148213;148334;0.0;invertida;450.35;450.35;450.35;0.0;Sí;Sí
143824;143823;0.0;invertida;100.81;100.81;100.81;0.0;Sí;Sí
147390;147095;0.0;invertida;817.31;817.31;817.31;0.0;Sí;Sí
146619;146589;0.0;invertida;375.48;375.48;375.48;0.0;Sí;Sí
144744;144978;0.0;invertida;2542.81;2542.81;2542.81;0.0;Sí;Sí
147233;147213;0.0;invertida;421.2;421.2;421.2;0.0;Sí;Sí
149504;149516;0.0;invertida;182.99;182.99;182.99;0.0;Sí;Sí
146641;146713;0.0;invertida;265.92;265.92;265.92;0.0;Sí;Sí
148402;148470;0.0;invertida;225.15;225.15;225.15;0.0;Sí;Sí
207930;147974;0.0;invertida;467.25;467.25;467.25;0.0;Sí;Sí
146560;146562;0.0;invertida;32.66;32.66;32.66;0.0;Sí;Sí
145353;145402;0.0;invertida;293.85;293.85;293.85;0.0;Sí;Sí
147883;147829;0.0;invertida;151.3;151.3;151.3;0.0;Sí;Sí
147573;147534;0.0;invertida;121.7;121.7;121.7;0.0;Sí;Sí
148180;147663;0.0;invertida;2164.4;2164.4;2164.4;0.0;Sí;Sí
149500;149317;0.0;invertida;1476.08;1476.08;1476.08;0.0;Sí;Sí
144000;143829;0.0;invertida;2555.97;2555.97;2555.97;0.0;Sí;Sí
145642;145471;0.0;invertida;789.33;789.33;789.33;0.0;Sí;Sí
149200;149211;0.0;invertida;206.33;206.33;206.33;0.0;Sí;Sí
145418;145495;0.0;invertida;649.02;649.02;649.02;0.0;Sí;Sí
146424;146439;0.0;invertida;573.2;573.2;573.2;0.0;Sí;Sí
149680;149774;3.899;invertida;699.94;703.84;701.89;0.56;Sí;Sí
146633;146668;0.0;invertida;117.22;117.22;117.22;0.0;Sí;Sí
147625;147673;0.0;invertida;263.77;263.77;263.77;0.0;Sí;Sí
146264;146206;0.0;invertida;320.34;320.34;320.34;0.0;Sí;Sí
149635;149653;0.0;invertida;97.26;97.26;97.26;0.0;Sí;Sí
147504;208219;0.0;invertida;1010.76;1010.76;1010.76;0.0;Sí;Sí
147868;147871;0.0;invertida;63.96;63.96;63.96;0.0;Sí;Sí
148442;148413;0.0;invertida;73.81;73.81;73.81;0.0;Sí;Sí
147730;147717;0.0;invertida;62.62;62.62;62.62;0.0;Sí;Sí
149529;149511;0.0;invertida;104.43;104.43;104.43;0.0;Sí;Sí
145564;145974;0.0;invertida;2202.55;2202.55;2202.55;0.0;Sí;Sí
149569;149557;0.0;invertida;387.73;387.73;387.73;0.0;Sí;Sí
149211;149638;0.0;invertida;3880.86;3880.86;3880.86;0.0;Sí;Sí
147974;148111;0.0;invertida;406.55;406.55;406.55;0.0;Sí;Sí
148369;148383;0.0;invertida;130.22;130.22;130.22;0.0;Sí;Sí
147746;147772;0.0;invertida;126.35;126.35;126.35;0.0;Sí;Sí
146594;146658;0.0;invertida;1302.59;1302.59;1302.59;0.0;Sí;Sí
75108;147871;0.0;invertida;106.0;106.0;106.0;0.0;Sí;Sí
151562;151559;0.0;invertida;31.77;31.77;31.77;0.0;Sí;Sí
146947;146901;0.0;invertida;148.85;148.85;148.85;0.0;Sí;Sí
148820;148791;0.0;invertida;175.54;175.54;175.54;0.0;Sí;Sí
146258;146235;0.0;invertida;122.9;122.9;122.9;0.0;Sí;Sí
147685;147742;0.0;invertida;1118.62;1118.62;1118.62;0.0;Sí;Sí
143942;143870;0.0;invertida;623.52;623.52;623.52;0.0;Sí;Sí
145010;145358;0.0;invertida;1904.1;1904.1;1904.1;0.0;Sí;Sí
148594;148685;0.0;invertida;585.57;585.57;585.57;0.0;Sí;Sí
143525;143750;0.0;invertida;3144.56;3144.56;3144.56;0.0;Sí;Sí
142347;143262;0.0;invertida;0.21;0.21;0.21;0.0;Sí;Sí
146476;146471;0.0;invertida;208.24;208.24;208.24;0.0;Sí;Sí
146770;146747;0.0;invertida;83.2;83.2;83.2;0.0;Sí;Sí
148922;148899;0.0;invertida;228.61;228.61;228.61;0.0;Sí;Sí
149067;148956;0.0;invertida;1052.67;1052.67;1052.67;0.0;Sí;Sí
149090;148948;0.0;invertida;2116.94;2116.94;2116.94;0.0;Sí;Sí
148888;148867;0.0;invertida;71.71;71.71;71.71;0.0;Sí;Sí
148784;148681;0.0;invertida;535.94;535.94;535.94;0.0;Sí;Sí
147576;147605;0.0;invertida;130.38;130.38;130.38;0.0;Sí;Sí
149567;149359;0.0;invertida;2543.48;2543.48;2543.48;0.0;Sí;Sí
149017;149077;0.0;invertida;531.81;531.81;531.81;0.0;Sí;Sí
147537;147522;0.0;invertida;88.15;88.15;88.15;0.0;Sí;Sí
149745;149723;0.0;invertida;171.43;171.43;171.43;0.0;Sí;Sí
148611;148605;0.0;invertida;36.5;36.5;36.5;0.0;Sí;Sí
148872;148866;0.0;invertida;57.41;57.41;57.41;0.0;Sí;Sí
147936;147914;0.0;invertida;117.75;117.75;117.75;0.0;Sí;Sí
148180;148214;0.0;invertida;119.42;119.42;119.42;0.0;Sí;Sí
146339;146319;0.0;invertida;205.86;205.86;205.86;0.0;Sí;Sí
149329;149567;0.0;invertida;2786.6;2786.6;2786.6;0.0;Sí;Sí
147986;207930;0.0;invertida;175.0;175.0;175.0;0.0;Sí;Sí
143933;143958;0.0;invertida;273.04;273.04;273.04;0.0;Sí;Sí
152790;152190;0.0;invertida;2.67;2.67;2.67;0.0;Sí;Sí
148636;148631;0.0;invertida;188.27;188.27;188.27;0.0;Sí;Sí
149507;149123;0.0;invertida;3771.05;3771.05;3771.05;0.0;Sí;Sí
208192;147846;0.0;invertida;171.49;171.49;171.49;0.0;Sí;Sí
146817;146998;0.0;invertida;588.23;588.23;588.23;0.0;Sí;Sí
148215;148159;0.0;invertida;184.55;184.55;184.55;0.0;Sí;Sí
145717;145870;0.0;invertida;479.29;479.29;479.29;0.0;Sí;Sí
146426;146471;0.0;invertida;283.78;283.78;283.78;0.0;Sí;Sí
148389;148413;0.0;invertida;108.04;108.04;108.04;0.0;Sí;Sí
146633;146486;0.0;invertida;635.52;635.52;635.52;0.0;Sí;Sí
146483;146476;0.0;invertida;250.98;250.98;250.98;0.0;Sí;Sí
148209;148188;0.0;invertida;242.85;242.85;242.85;0.0;Sí;Sí
146802;146623;0.0;invertida;1457.18;1457.18;1457.18;0.0;Sí;Sí
147233;147351;0.0;invertida;192.32;192.32;192.32;0.0;Sí;Sí
148392;148398;0.0;invertida;65.12;65.12;65.12;0.0;Sí;Sí
142188;142181;0.0;invertida;151.73;151.73;151.73;0.0;Sí;Sí
146741;146807;0.0;invertida;233.6;233.6;233.6;0.0;Sí;Sí
75106;148587;0.0;invertida;67.44;67.44;67.44;0.0;Sí;Sí
149504;149501;0.0;invertida;78.1;78.1;78.1;0.0;Sí;Sí
149676;149709;0.0;invertida;260.04;260.04;260.04;0.0;Sí;Sí
145555;145599;0.0;invertida;193.24;193.24;193.24;0.0;Sí;Sí
149628;149567;0.0;invertida;675.71;675.71;675.71;0.0;Sí;Sí
144914;144467;0.0;invertida;3002.44;3002.44;3002.44;0.0;Sí;Sí
145832;145607;0.0;invertida;815.69;815.69;815.69;0.0;Sí;Sí
147818;147842;0.0;invertida;53.33;53.33;53.33;0.0;Sí;Sí
146123;146206;0.0;invertida;483.87;483.87;483.87;0.0;Sí;Sí
145760;145650;0.0;invertida;750.87;750.87;750.87;0.0;Sí;Sí
148624;75118;0.0;invertida;100.77;100.77;100.77;0.0;Sí;Sí
147576;147558;0.0;invertida;86.21;86.21;86.21;0.0;Sí;Sí
146864;146539;0.0;invertida;1083.72;1083.72;1083.72;0.0;Sí;Sí
148907;148956;0.0;invertida;348.8;348.8;348.8;0.0;Sí;Sí
144953;144950;0.0;invertida;38.41;38.41;38.41;0.0;Sí;Sí
146794;146591;0.0;invertida;672.53;672.53;672.53;0.0;Sí;Sí
148611;148614;0.0;invertida;74.06;74.06;74.06;0.0;Sí;Sí
150556;151332;0.0;invertida;6138.43;6138.43;6138.43;0.0;Sí;Sí
149420;149470;0.0;invertida;597.87;597.87;597.87;0.0;Sí;Sí
145235;145599;0.0;invertida;3357.47;3357.47;3357.47;0.0;Sí;Sí
147656;147746;0.0;invertida;701.51;701.51;701.51;0.0;Sí;Sí
207930;147868;0.0;invertida;289.45;289.45;289.45;0.0;Sí;Sí
143696;143596;0.0;invertida;1340.77;1340.77;1340.77;0.0;Sí;Sí
146123;146118;0.0;invertida;250.32;250.32;250.32;0.0;Sí;Sí
145656;145602;0.0;invertida;321.42;321.42;321.42;0.0;Sí;Sí
146792;146809;0.0;invertida;133.9;133.9;133.9;0.0;Sí;Sí
143608;143620;0.0;invertida;72.75;72.75;72.75;0.0;Sí;Sí
147180;146772;0.0;invertida;1527.75;1527.75;1527.75;0.0;Sí;Sí
149655;149647;0.0;invertida;59.54;59.54;59.54;0.0;Sí;Sí
148856;148863;0.0;invertida;80.06;80.06;80.06;0.0;Sí;Sí
147016;148365;0.0;invertida;3601.51;3601.51;3601.51;0.0;Sí;Sí
144852;144543;0.0;invertida;2128.27;2128.27;2128.27;0.0;Sí;Sí
147909;147878;0.0;invertida;256.19;256.19;256.19;0.0;Sí;Sí
146264;146280;0.0;invertida;89.11;89.11;89.11;0.0;Sí;Sí
147504;147489;0.0;invertida;57.67;57.67;57.67;0.0;Sí;Sí
148224;148278;0.0;invertida;235.77;235.77;235.77;0.0;Sí;Sí
208192;147791;0.0;invertida;106.11;106.11;106.11;0.0;Sí;Sí
144978;145010;0.0;invertida;189.09;189.09;189.09;0.0;Sí;Sí
145642;145740;0.0;invertida;460.69;460.69;460.69;0.0;Sí;Sí
150776;150833;0.0;invertida;3596.35;3596.35;3596.35;0.0;Sí;Sí
144001;144308;0.0;invertida;4052.47;4052.47;4052.47;0.0;Sí;Sí
147392;147489;0.0;invertida;255.79;255.79;255.79;0.0;Sí;Sí
147971;147958;0.0;invertida;44.6;44.6;44.6;0.0;Sí;Sí
148899;148839;0.0;invertida;273.76;273.76;273.76;0.0;Sí;Sí
147953;147964;0.0;invertida;163.53;163.53;163.53;0.0;Sí;Sí
75002;148092;0.0;invertida;822.27;822.27;822.27;0.0;Sí;Sí
148371;148381;0.0;invertida;229.0;229.0;229.0;0.0;Sí;Sí
146588;146575;0.0;invertida;283.51;283.51;283.51;0.0;Sí;Sí
146258;146314;0.0;invertida;739.82;739.82;739.82;0.0;Sí;Sí
148032;148036;0.0;invertida;334.51;334.51;334.51;0.0;Sí;Sí
148210;148180;0.0;invertida;311.25;311.25;311.25;0.0;Sí;Sí
146928;147594;0.0;invertida;4056.47;4056.47;4056.47;0.0;Sí;Sí
207929;147315;0.0;invertida;188.81;188.81;188.81;0.0;Sí;Sí
148817;148485;0.0;invertida;2812.3;2812.3;2812.3;0.0;Sí;Sí
146749;146701;0.0;invertida;157.67;157.67;157.67;0.0;Sí;Sí
146814;146783;0.0;invertida;325.12;325.12;325.12;0.0;Sí;Sí
144992;144994;0.0;invertida;116.29;116.29;116.29;0.0;Sí;Sí
148751;148711;0.0;invertida;236.24;236.24;236.24;0.0;Sí;Sí
149377;149420;0.0;invertida;623.59;623.59;623.59;0.0;Sí;Sí
147656;119421;0.0;invertida;261.53;261.53;261.53;0.0;Sí;Sí
145776;145545;0.0;invertida;0.1;0.1;0.1;0.0;Sí;Sí
149803;149829;0.0;invertida;162.32;162.32;162.32;0.0;Sí;Sí
149418;149349;0.0;invertida;657.35;657.35;657.35;0.0;Sí;Sí
148098;148100;0.0;invertida;54.0;54.0;54.0;0.0;Sí;Sí
144736;144694;0.0;invertida;358.79;358.79;358.79;0.0;Sí;Sí
144661;144686;0.0;invertida;189.52;189.52;189.52;0.0;Sí;Sí
149626;149507;0.0;invertida;931.28;931.28;931.28;0.0;Sí;Sí
146865;146851;0.0;invertida;409.61;409.61;409.61;0.0;Sí;Sí
148288;148284;0.0;invertida;44.22;44.22;44.22;0.0;Sí;Sí
149017;149004;0.0;invertida;123.29;123.29;123.29;0.0;Sí;Sí
150361;150498;0.0;invertida;2439.91;2439.91;2439.91;0.0;Sí;Sí
148817;148749;0.0;invertida;411.33;411.33;411.33;0.0;Sí;Sí
148080;148007;0.0;invertida;441.84;441.84;441.84;0.0;Sí;Sí
148914;148941;0.0;invertida;197.21;197.21;197.21;0.0;Sí;Sí
150041;149900;0.0;invertida;705.42;705.42;705.42;0.0;Sí;Sí
149360;149341;0.0;invertida;303.57;303.57;303.57;0.0;Sí;Sí
148370;148365;0.0;invertida;40.17;40.17;40.17;0.0;Sí;Sí
146426;146420;0.0;invertida;42.12;42.12;42.12;0.0;Sí;Sí
148603;148524;0.0;invertida;975.24;975.24;975.24;0.0;Sí;Sí
144961;144817;0.0;invertida;927.2;927.2;927.2;0.0;Sí;Sí
148200;75189;0.0;invertida;893.46;893.46;893.46;0.0;Sí;Sí
142208;142223;0.0;invertida;188.33;188.33;188.33;0.0;Sí;Sí
149123;149111;0.0;invertida;171.56;171.56;171.56;0.0;Sí;Sí
146606;146623;0.0;invertida;1622.39;1622.39;1622.39;0.0;Sí;Sí
147752;147764;0.0;invertida;69.23;69.23;69.23;0.0;Sí;Sí
150434;150498;0.0;invertida;351.04;351.04;351.04;0.0;Sí;Sí
145471;145423;0.0;invertida;242.34;242.34;242.34;0.0;Sí;Sí
144227;144021;0.0;invertida;1927.03;1927.03;1927.03;0.0;Sí;Sí
149673;149578;0.0;invertida;776.36;776.36;776.36;0.0;Sí;Sí
148888;148925;0.0;invertida;685.93;685.93;685.93;0.0;Sí;Sí
149664;149669;0.0;invertida;635.98;635.98;635.98;0.0;Sí;Sí
149092;149087;0.0;invertida;366.74;366.74;366.74;0.0;Sí;Sí
145832;145890;0.0;invertida;221.03;221.03;221.03;0.0;Sí;Sí
151089;151223;0.0;invertida;1118.71;1118.71;1118.71;0.0;Sí;Sí
146641;146598;0.0;invertida;403.46;403.46;403.46;0.0;Sí;Sí
146370;146474;0.0;invertida;727.0;727.0;727.0;0.0;Sí;Sí
148826;148820;0.0;invertida;42.32;42.32;42.32;0.0;Sí;Sí
148392;148357;0.0;invertida;160.67;160.67;160.67;0.0;Sí;Sí
75104;148548;0.0;invertida;87.38;87.38;87.38;0.0;Sí;Sí
148530;148535;0.0;invertida;56.48;56.48;56.48;0.0;Sí;Sí
149233;148975;0.0;invertida;2514.48;2514.48;2514.48;0.0;Sí;Sí
148426;148430;0.0;invertida;52.03;52.03;52.03;0.0;Sí;Sí
147003;146868;0.0;invertida;402.29;402.29;402.29;0.0;Sí;Sí
148128;148098;0.0;invertida;194.23;194.23;194.23;0.0;Sí;Sí
149305;149277;0.0;invertida;597.77;597.77;597.77;0.0;Sí;Sí
148322;148355;0.0;invertida;145.26;145.26;145.26;0.0;Sí;Sí
148355;148388;0.0;invertida;199.3;199.3;199.3;0.0;Sí;Sí
149360;149371;0.0;invertida;89.18;89.18;89.18;0.0;Sí;Sí
143608;143577;0.0;invertida;218.34;218.34;218.34;0.0;Sí;Sí
143868;143886;0.0;invertida;157.23;157.23;157.23;0.0;Sí;Sí
147864;147359;0.0;invertida;1406.15;1406.15;1406.15;0.0;Sí;Sí
148184;148173;0.0;invertida;41.17;41.17;41.17;0.0;Sí;Sí
148485;146758;0.0;invertida;9658.68;9658.68;9658.68;0.0;Sí;Sí
147889;147794;0.0;invertida;250.3;250.3;250.3;0.0;Sí;Sí
149253;148655;0.0;invertida;4528.14;4528.14;4528.14;0.0;Sí;Sí
149521;149515;0.0;invertida;52.0;52.0;52.0;0.0;Sí;Sí
143434;143658;0.0;invertida;1587.33;1587.33;1587.33;0.0;Sí;Sí
142347;142134;0.0;invertida;2216.32;2216.32;2216.32;0.0;Sí;Sí
148544;148553;0.0;invertida;60.01;60.01;60.01;0.0;Sí;Sí
147442;147390;0.0;invertida;159.26;159.26;159.26;0.0;Sí;Sí
148773;75103;0.0;invertida;395.58;395.58;395.58;0.0;Sí;Sí
144991;144975;0.0;invertida;1852.97;1852.97;1852.97;0.0;Sí;Sí
146801;146698;0.0;invertida;6475.17;6475.17;6475.17;0.0;Sí;Sí
147100;147262;0.0;invertida;452.37;452.37;452.37;0.0;Sí;Sí
148818;148867;0.0;invertida;499.59;499.59;499.59;0.0;Sí;Sí
146947;146965;0.0;invertida;52.77;52.77;52.77;0.0;Sí;Sí
146947;146949;0.0;invertida;61.23;61.23;61.23;0.0;Sí;Sí
148080;148082;0.0;invertida;195.13;195.13;195.13;0.0;Sí;Sí
145602;145564;0.0;invertida;372.66;372.66;372.66;0.0;Sí;Sí
148262;148255;0.0;invertida;40.38;40.38;40.38;0.0;Sí;Sí
148299;148655;0.0;invertida;1550.11;1550.11;1550.11;0.0;Sí;Sí
148676;148655;0.0;invertida;3597.51;3597.51;3597.51;0.0;Sí;Sí
150744;150599;0.0;invertida;2248.47;2248.47;2248.47;0.0;Sí;Sí
148586;148587;0.0;invertida;29.61;29.61;29.61;0.0;Sí;Sí
148033;148070;0.0;invertida;370.16;370.16;370.16;0.0;Sí;Sí
149077;149087;0.0;invertida;235.26;235.26;235.26;0.0;Sí;Sí
147225;147180;0.0;invertida;80.31;80.31;80.31;0.0;Sí;Sí
148732;148717;0.0;invertida;343.14;343.14;343.14;0.0;Sí;Sí
148817;148889;0.0;invertida;404.97;404.97;404.97;0.0;Sí;Sí
146054;145958;0.0;invertida;485.16;485.16;485.16;0.0;Sí;Sí
143160;143210;0.0;invertida;2.88;2.88;2.88;0.0;Sí;Sí
147667;75116;0.0;invertida;457.4;457.4;457.4;0.0;Sí;Sí
147696;147562;0.0;invertida;545.78;545.78;545.78;0.0;Sí;Sí
148480;148433;0.0;invertida;188.84;188.84;188.84;0.0;Sí;Sí
145593;145659;0.0;invertida;244.99;244.99;244.99;0.0;Sí;Sí
148618;148626;0.0;invertida;124.53;124.53;124.53;0.0;Sí;Sí
148393;148415;0.0;invertida;104.72;104.72;104.72;0.0;Sí;Sí
147698;75116;0.0;invertida;222.26;222.26;222.26;0.0;Sí;Sí
145514;145564;0.0;invertida;435.98;435.98;435.98;0.0;Sí;Sí
148897;148975;0.0;invertida;1003.38;1003.38;1003.38;0.0;Sí;Sí
150362;150372;0.0;invertida;81.8;81.8;81.8;0.0;Sí;Sí
145992;145882;0.0;invertida;585.36;585.36;585.36;0.0;Sí;Sí
146665;146677;0.0;invertida;40.14;40.14;40.14;0.0;Sí;Sí
146409;146036;0.0;invertida;3299.67;3299.67;3299.67;0.0;Sí;Sí
150994;150957;0.0;invertida;20.26;20.26;20.26;0.0;Sí;Sí
148322;148278;0.0;invertida;166.55;166.55;166.55;0.0;Sí;Sí
147899;147917;0.0;invertida;50.36;50.36;50.36;0.0;Sí;Sí
146629;146783;0.0;invertida;551.11;551.11;551.11;0.0;Sí;Sí
146706;146732;0.0;invertida;199.51;199.51;199.51;0.0;Sí;Sí
149464;149457;0.0;invertida;300.31;300.31;300.31;0.0;Sí;Sí
146666;146662;0.0;invertida;36.17;36.17;36.17;0.0;Sí;Sí
148402;148370;0.0;invertida;178.27;178.27;178.27;0.0;Sí;Sí
146849;146886;0.0;invertida;168.99;168.99;168.99;0.0;Sí;Sí
147924;147958;0.0;invertida;153.44;153.44;153.44;0.0;Sí;Sí
143856;144023;0.0;invertida;2879.63;2879.63;2879.63;0.0;Sí;Sí
151986;152190;0.0;invertida;2201.19;2201.19;2201.19;0.0;Sí;Sí
143494;142815;0.0;invertida;3914.24;3914.24;3914.24;0.0;Sí;Sí
151531;151559;0.0;invertida;353.41;353.41;353.41;0.0;Sí;Sí
145428;145222;0.0;invertida;1166.07;1166.07;1166.07;0.0;Sí;Sí
148400;148383;0.0;invertida;95.37;95.37;95.37;0.0;Sí;Sí
146424;146406;0.0;invertida;174.03;174.03;174.03;0.0;Sí;Sí
148347;148327;0.0;invertida;133.22;133.22;133.22;0.0;Sí;Sí
75107;147197;0.0;invertida;70.58;70.58;70.58;0.0;Sí;Sí
147676;147621;0.0;invertida;150.34;150.34;150.34;0.0;Sí;Sí
149531;149557;0.0;invertida;309.8;309.8;309.8;0.0;Sí;Sí
146728;146800;0.0;invertida;222.03;222.03;222.03;0.0;Sí;Sí
146977;146925;0.0;invertida;174.12;174.12;174.12;0.0;Sí;Sí
143803;143815;0.0;invertida;187.61;187.61;187.61;0.0;Sí;Sí
146450;146444;0.0;invertida;520.57;520.57;520.57;0.0;Sí;Sí
146617;146606;0.0;invertida;412.6;412.6;412.6;0.0;Sí;Sí
146474;146508;0.0;invertida;150.1;150.1;150.1;0.0;Sí;Sí
147681;147563;0.0;invertida;331.79;331.79;331.79;0.0;Sí;Sí
147994;147974;0.0;invertida;687.47;687.47;687.47;0.0;Sí;Sí
145385;145555;0.0;invertida;825.63;825.63;825.63;0.0;Sí;Sí
147990;148095;0.0;invertida;271.07;271.07;271.07;0.0;Sí;Sí
148066;148093;0.0;invertida;123.23;123.23;123.23;0.0;Sí;Sí
145603;145597;0.0;invertida;85.98;85.98;85.98;0.0;Sí;Sí
147963;148044;0.0;invertida;3024.79;3024.79;3024.79;0.0;Sí;Sí
144914;145022;0.0;invertida;550.52;550.52;550.52;0.0;Sí;Sí
146714;146735;0.0;invertida;125.14;125.14;125.14;0.0;Sí;Sí
143952;144000;0.0;invertida;612.69;612.69;612.69;0.0;Sí;Sí
146940;147252;0.0;invertida;910.78;910.78;910.78;0.0;Sí;Sí
148200;148219;0.0;invertida;54.69;54.69;54.69;0.0;Sí;Sí
148484;148415;0.0;invertida;237.95;237.95;237.95;0.0;Sí;Sí
149500;149511;0.0;invertida;70.04;70.04;70.04;0.0;Sí;Sí
208074;119421;0.0;invertida;25.11;25.11;25.11;0.0;Sí;Sí
143666;143724;0.0;invertida;816.82;816.82;816.82;0.0;Sí;Sí
145882;145740;0.0;invertida;492.75;492.75;492.75;0.0;Sí;Sí
146586;146629;0.0;invertida;180.96;180.96;180.96;0.0;Sí;Sí
149626;149645;0.0;invertida;125.03;125.03;125.03;0.0;Sí;Sí
144432;144338;0.0;invertida;868.41;868.41;868.41;0.0;Sí;Sí
143856;143767;0.0;invertida;623.72;623.72;623.72;0.0;Sí;Sí
148708;148717;0.0;invertida;182.68;182.68;182.68;0.0;Sí;Sí
148233;208389;0.0;invertida;33.38;33.38;33.38;0.0;Sí;Sí
148152;148062;0.0;invertida;692.07;692.07;692.07;0.0;Sí;Sí
146497;146465;0.0;invertida;629.43;629.43;629.43;0.0;Sí;Sí
148033;147849;0.0;invertida;508.43;508.43;508.43;0.0;Sí;Sí
151594;151531;0.0;invertida;274.82;274.82;274.82;0.0;Sí;Sí
147716;147695;0.0;invertida;651.08;651.08;651.08;0.0;Sí;Sí
147393;147187;0.0;invertida;371.05;371.05;371.05;0.0;Sí;Sí
146757;146718;0.0;invertida;147.86;147.86;147.86;0.0;Sí;Sí
147205;147407;0.0;invertida;422.42;422.42;422.42;0.0;Sí;Sí
148746;148743;0.0;invertida;74.92;74.92;74.92;0.0;Sí;Sí
149200;149329;0.0;invertida;1058.64;1058.64;1058.64;0.0;Sí;Sí
147571;147607;0.0;invertida;130.91;130.91;130.91;0.0;Sí;Sí
147139;147127;0.0;invertida;41.25;41.25;41.25;0.0;Sí;Sí
150976;150292;0.0;invertida;4050.91;4050.91;4050.91;0.0;Sí;Sí
148665;148686;0.0;invertida;2127.71;2127.71;2127.71;0.0;Sí;Sí
146835;146868;0.0;invertida;101.18;101.18;101.18;0.0;Sí;Sí
147721;147716;0.0;invertida;433.57;433.57;433.57;0.0;Sí;Sí
144852;144870;0.0;invertida;120.57;120.57;120.57;0.0;Sí;Sí
148980;149004;0.0;invertida;449.24;449.24;449.24;0.0;Sí;Sí
149297;149473;0.0;invertida;1436.13;1436.13;1436.13;0.0;Sí;Sí
144432;144467;0.0;invertida;376.76;376.76;376.76;0.0;Sí;Sí
148787;148791;0.0;invertida;23.21;23.21;23.21;0.0;Sí;Sí
148259;148251;0.0;invertida;325.93;325.93;325.93;0.0;Sí;Sí
144552;144575;0.0;invertida;138.57;138.57;138.57;0.0;Sí;Sí
149067;149111;0.0;invertida;415.46;415.46;415.46;0.0;Sí;Sí
144657;144685;0.0;invertida;286.49;286.49;286.49;0.0;Sí;Sí
150324;150134;0.0;invertida;1166.02;1166.02;1166.02;0.0;Sí;Sí
150083;150095;0.0;invertida;120.52;120.52;120.52;0.0;Sí;Sí
149297;149092;0.0;invertida;1655.9;1655.9;1655.9;0.0;Sí;Sí
142724;142815;0.0;invertida;1404.33;1404.33;1404.33;0.0;Sí;Sí
143525;142278;0.0;invertida;9810.32;9810.32;9810.32;0.0;Sí;Sí
144953;145055;0.0;invertida;433.96;433.96;433.96;0.0;Sí;Sí
146728;146718;0.0;invertida;55.56;55.56;55.56;0.0;Sí;Sí
146979;146989;0.0;invertida;70.48;70.48;70.48;0.0;Sí;Sí
148306;148322;0.0;invertida;382.94;382.94;382.94;0.0;Sí;Sí
147657;147643;0.0;invertida;29.86;29.86;29.86;0.0;Sí;Sí
149803;149749;0.0;invertida;493.33;493.33;493.33;0.0;Sí;Sí
144752;144975;0.0;invertida;1546.86;1546.86;1546.86;0.0;Sí;Sí
75120;148208;0.0;invertida;329.08;329.08;329.08;0.0;Sí;Sí
145973;145982;0.0;invertida;40.35;40.35;40.35;0.0;Sí;Sí
147658;147638;0.0;invertida;114.3;114.3;114.3;0.0;Sí;Sí
75110;148943;0.0;invertida;160.1;160.1;160.1;0.0;Sí;Sí
146681;146697;0.0;invertida;59.89;59.89;59.89;0.0;Sí;Sí
143545;143653;0.0;invertida;984.61;984.61;984.61;0.0;Sí;Sí
145760;146353;0.0;invertida;3325.88;3325.88;3325.88;0.0;Sí;Sí
151986;151594;0.0;invertida;3325.26;3325.26;3325.26;0.0;Sí;Sí
146952;146973;0.0;invertida;64.89;64.89;64.89;0.0;Sí;Sí
146560;146551;0.0;invertida;127.94;127.94;127.94;0.0;Sí;Sí
149802;149804;0.0;invertida;63.22;63.22;63.22;0.0;Sí;Sí
146483;146484;0.0;invertida;106.97;106.97;106.97;0.0;Sí;Sí
148809;148238;0.0;invertida;5094.21;5094.21;5094.21;0.0;Sí;Sí
142144;142145;0.0;invertida;28.88;28.88;28.88;0.0;Sí;Sí
147892;147911;0.0;invertida;46.85;46.85;46.85;0.0;Sí;Sí
147698;147597;0.0;invertida;414.24;414.24;414.24;0.0;Sí;Sí
148584;148564;0.0;invertida;81.55;81.55;81.55;0.0;Sí;Sí
146627;146596;0.0;invertida;152.93;152.93;152.93;0.0;Sí;Sí
146592;75117;0.0;invertida;186.75;186.75;186.75;0.0;Sí;Sí
150018;150074;0.0;invertida;716.54;716.54;716.54;0.0;Sí;Sí
146932;146967;0.0;invertida;381.42;381.42;381.42;0.0;Sí;Sí
144320;144437;0.0;invertida;2447.69;2447.69;2447.69;0.0;Sí;Sí
148200;148208;0.0;invertida;78.65;78.65;78.65;0.0;Sí;Sí
146562;146580;0.0;invertida;174.74;174.74;174.74;0.0;Sí;Sí
145450;145435;0.0;invertida;955.73;955.73;955.73;0.0;Sí;Sí
149457;149473;0.0;invertida;465.03;465.03;465.03;0.0;Sí;Sí
149090;149235;0.0;invertida;2815.69;2815.69;2815.69;0.0;Sí;Sí
146155;146229;0.0;invertida;366.04;366.04;366.04;0.0;Sí;Sí
147702;147407;0.0;invertida;809.11;809.11;809.11;0.0;Sí;Sí
148419;148423;0.0;invertida;170.26;170.26;170.26;0.0;Sí;Sí
149000;149192;0.0;invertida;1434.54;1434.54;1434.54;0.0;Sí;Sí
146865;146868;0.0;invertida;27.72;27.72;27.72;0.0;Sí;Sí
150498;150526;0.0;invertida;101.95;101.95;101.95;0.0;Sí;Sí
148968;148983;0.0;invertida;264.33;264.33;264.33;0.0;Sí;Sí
148428;148567;0.0;invertida;2027.66;2027.66;2027.66;0.0;Sí;Sí
146817;146783;0.0;invertida;112.8;112.8;112.8;0.0;Sí;Sí
148262;148319;0.0;invertida;150.76;150.76;150.76;0.0;Sí;Sí
144576;144543;0.0;invertida;2048.71;2048.71;2048.71;0.0;Sí;Sí
143930;143926;0.0;invertida;58.15;58.15;58.15;0.0;Sí;Sí
144978;144363;0.0;invertida;6893.81;6893.81;6893.81;0.0;Sí;Sí
148529;148690;0.0;invertida;1730.14;1730.14;1730.14;0.0;Sí;Sí
148259;148261;0.0;invertida;10.45;10.45;10.45;0.0;Sí;Sí
147754;75108;0.0;invertida;383.4;383.4;383.4;0.0;Sí;Sí
150201;150267;0.0;invertida;421.95;421.95;421.95;0.0;Sí;Sí
208425;147101;0.0;invertida;111.85;111.85;111.85;0.0;Sí;Sí
148171;148095;0.0;invertida;207.93;207.93;207.93;0.0;Sí;Sí
143827;143855;0.0;invertida;129.43;129.43;129.43;0.0;Sí;Sí
145928;145852;0.0;invertida;314.96;314.96;314.96;0.0;Sí;Sí
143634;143525;0.0;invertida;2233.47;2233.47;2233.47;0.0;Sí;Sí
146952;146892;0.0;invertida;185.08;185.08;185.08;0.0;Sí;Sí
147233;147188;0.0;invertida;69.95;69.95;69.95;0.0;Sí;Sí
148182;148118;0.0;invertida;209.88;209.88;209.88;0.0;Sí;Sí
149774;149847;0.0;invertida;4431.56;4431.56;4431.56;0.0;Sí;Sí
149561;149530;0.0;invertida;218.52;218.52;218.52;0.0;Sí;Sí
144961;145260;0.0;invertida;1256.6;1256.6;1256.6;0.0;Sí;Sí
143840;143815;0.0;invertida;144.45;144.45;144.45;0.0;Sí;Sí
144021;143958;0.0;invertida;730.29;730.29;730.29;0.0;Sí;Sí
146652;146654;0.0;invertida;252.96;252.96;252.96;0.0;Sí;Sí
145808;145358;0.0;invertida;2136.63;2136.63;2136.63;0.0;Sí;Sí
143861;143855;0.0;invertida;30.87;30.87;30.87;0.0;Sí;Sí
147866;147892;0.0;invertida;59.37;59.37;59.37;0.0;Sí;Sí
148288;148316;0.0;invertida;79.74;79.74;79.74;0.0;Sí;Sí
149235;149253;0.0;invertida;354.01;354.01;354.01;0.0;Sí;Sí
148305;148295;0.0;invertida;171.16;171.16;171.16;0.0;Sí;Sí
148520;148548;0.0;invertida;295.04;295.04;295.04;0.0;Sí;Sí
147185;147243;0.0;invertida;102.24;102.24;102.24;0.0;Sí;Sí
146118;145927;0.0;invertida;1299.01;1299.01;1299.01;0.0;Sí;Sí
147280;147298;0.0;invertida;97.63;97.63;97.63;0.0;Sí;Sí
148872;148871;0.0;invertida;105.8;105.8;105.8;0.0;Sí;Sí
146690;75117;0.0;invertida;206.66;206.66;206.66;0.0;Sí;Sí
146757;146791;0.0;invertida;91.43;91.43;91.43;0.0;Sí;Sí
145938;145973;0.0;invertida;212.37;212.37;212.37;0.0;Sí;Sí
147707;147807;0.0;invertida;359.19;359.19;359.19;0.0;Sí;Sí
150292;150285;0.0;invertida;59.98;59.98;59.98;0.0;Sí;Sí
148352;148364;0.0;invertida;41.85;41.85;41.85;0.0;Sí;Sí
146115;146133;0.0;invertida;200.1;200.1;200.1;0.0;Sí;Sí
150833;151037;0.0;invertida;1846.34;1846.34;1846.34;0.0;Sí;Sí
146973;146991;0.0;invertida;45.55;45.55;45.55;0.0;Sí;Sí
149507;149675;0.0;invertida;2783.01;2783.01;2783.01;0.0;Sí;Sí
147282;147189;0.0;invertida;316.69;316.69;316.69;0.0;Sí;Sí
148428;148134;0.0;invertida;1029.01;1029.01;1029.01;0.0;Sí;Sí
149116;149111;0.0;invertida;84.28;84.28;84.28;0.0;Sí;Sí
147341;147574;0.0;invertida;761.17;761.17;761.17;0.0;Sí;Sí
147085;146991;0.0;invertida;384.16;384.16;384.16;0.0;Sí;Sí
150296;150301;0.0;invertida;89.93;89.93;89.93;0.0;Sí;Sí
147672;147596;0.0;invertida;326.96;326.96;326.96;0.0;Sí;Sí
207930;147971;0.0;invertida;274.34;274.34;274.34;0.0;Sí;Sí
146907;147013;0.0;invertida;398.13;398.13;398.13;0.0;Sí;Sí
147638;147623;0.0;invertida;25.97;25.97;25.97;0.0;Sí;Sí
147657;147937;0.0;invertida;773.87;773.87;773.87;0.0;Sí;Sí
145537;145524;0.0;invertida;400.23;400.23;400.23;0.0;Sí;Sí
149473;149647;0.0;invertida;1245.95;1245.95;1245.95;0.0;Sí;Sí
147529;147597;0.0;invertida;303.71;303.71;303.71;0.0;Sí;Sí
147625;147605;0.0;invertida;155.49;155.49;155.49;0.0;Sí;Sí
143620;143829;0.0;invertida;2119.06;2119.06;2119.06;0.0;Sí;Sí
146523;146333;0.0;invertida;1469.65;1469.65;1469.65;0.0;Sí;Sí
143958;143886;0.0;invertida;766.57;766.57;766.57;0.0;Sí;Sí
150565;150271;0.0;invertida;2437.79;2437.79;2437.79;0.0;Sí;Sí
143585;143596;0.0;invertida;77.5;77.5;77.5;0.0;Sí;Sí
146186;146095;0.0;invertida;1363.87;1363.87;1363.87;0.0;Sí;Sí
146488;146482;0.0;invertida;506.45;506.45;506.45;0.0;Sí;Sí
147984;147946;0.0;invertida;124.43;124.43;124.43;0.0;Sí;Sí
148140;148253;0.0;invertida;677.9;677.9;677.9;0.0;Sí;Sí
144044;144013;0.0;invertida;500.47;500.47;500.47;0.0;Sí;Sí
146879;146839;0.0;invertida;121.05;121.05;121.05;0.0;Sí;Sí
146754;146908;0.0;invertida;625.18;625.18;625.18;0.0;Sí;Sí
147049;147052;0.0;invertida;422.27;422.27;422.27;0.0;Sí;Sí
147719;146791;0.0;invertida;3415.22;3415.22;3415.22;0.0;Sí;Sí
146987;147182;0.0;invertida;638.11;638.11;638.11;0.0;Sí;Sí
148400;148433;0.0;invertida;166.41;166.41;166.41;0.0;Sí;Sí
149569;149571;0.0;invertida;239.55;239.55;239.55;0.0;Sí;Sí
149051;148958;0.0;invertida;1451.28;1451.28;1451.28;0.0;Sí;Sí
146420;146414;0.0;invertida;48.33;48.33;48.33;0.0;Sí;Sí
147698;75115;0.0;invertida;142.36;142.36;142.36;0.0;Sí;Sí
148354;148383;0.0;invertida;190.41;190.41;190.41;0.0;Sí;Sí
146282;146229;0.0;invertida;288.42;288.42;288.42;0.0;Sí;Sí
149008;149046;0.0;invertida;321.79;321.79;321.79;0.0;Sí;Sí
147950;147911;0.0;invertida;179.35;179.35;179.35;0.0;Sí;Sí
146353;146465;0.0;invertida;1123.78;1123.78;1123.78;0.0;Sí;Sí
146346;146339;0.0;invertida;78.86;78.86;78.86;0.0;Sí;Sí
146794;146999;0.0;invertida;620.66;620.66;620.66;0.0;Sí;Sí
149561;149573;0.0;invertida;65.35;65.35;65.35;0.0;Sí;Sí
149351;149343;0.0;invertida;239.14;239.14;239.14;0.0;Sí;Sí
149209;149203;0.0;invertida;90.04;90.04;90.04;0.0;Sí;Sí
148971;148972;0.0;invertida;310.3;310.3;310.3;0.0;Sí;Sí
147152;147165;0.0;invertida;187.53;187.53;187.53;0.0;Sí;Sí
148434;148422;0.0;invertida;61.31;61.31;61.31;0.0;Sí;Sí
148530;148316;0.0;invertida;781.73;781.73;781.73;0.0;Sí;Sí
150603;150599;0.0;invertida;267.34;267.34;267.34;0.0;Sí;Sí
147976;147964;0.0;invertida;107.6;107.6;107.6;0.0;Sí;Sí
208219;146998;0.0;invertida;256.55;256.55;256.55;0.0;Sí;Sí
148784;148797;0.0;invertida;2763.33;2763.33;2763.33;0.0;Sí;Sí
148866;148851;0.0;invertida;153.88;153.88;153.88;0.0;Sí;Sí
143803;143806;0.0;invertida;800.14;800.14;800.14;0.0;Sí;Sí
146690;146835;0.0;invertida;484.34;484.34;484.34;0.0;Sí;Sí
148204;148126;0.0;invertida;232.86;232.86;232.86;0.0;Sí;Sí
147950;147990;0.0;invertida;135.73;135.73;135.73;0.0;Sí;Sí
143804;143724;0.0;invertida;682.65;682.65;682.65;0.0;Sí;Sí
147298;147366;0.0;invertida;418.24;418.24;418.24;0.0;Sí;Sí
148480;75105;0.0;invertida;71.52;71.52;71.52;0.0;Sí;Sí
148278;148255;0.0;invertida;547.25;547.25;547.25;0.0;Sí;Sí
146283;146333;0.0;invertida;530.64;530.64;530.64;0.0;Sí;Sí
148299;148214;0.0;invertida;479.81;479.81;479.81;0.0;Sí;Sí
146620;146647;0.0;invertida;174.99;174.99;174.99;0.0;Sí;Sí
146235;145519;0.0;invertida;3490.51;3490.51;3490.51;0.0;Sí;Sí
148650;148691;0.0;invertida;792.18;792.18;792.18;0.0;Sí;Sí
148089;148100;0.0;invertida;550.63;550.63;550.63;0.0;Sí;Sí
148232;148210;0.0;invertida;221.59;221.59;221.59;0.0;Sí;Sí
147345;146982;0.0;invertida;1.02;1.02;1.02;0.0;Sí;Sí
146600;146901;0.0;invertida;1247.57;1247.57;1247.57;0.0;Sí;Sí
143411;142507;0.0;invertida;6171.24;6171.24;6171.24;0.0;Sí;Sí
146477;146486;0.0;invertida;114.91;114.91;114.91;0.0;Sí;Sí
148376;148451;0.0;invertida;281.96;281.96;281.96;0.0;Sí;Sí
146666;146698;0.0;invertida;374.59;374.59;374.59;0.0;Sí;Sí
147573;147605;0.0;invertida;125.36;125.36;125.36;0.0;Sí;Sí
147914;148007;0.0;invertida;465.78;465.78;465.78;0.0;Sí;Sí
146006;145974;0.0;invertida;310.68;310.68;310.68;0.0;Sí;Sí
147186;75111;0.0;invertida;181.24;181.24;181.24;0.0;Sí;Sí
146215;146095;0.0;invertida;1006.39;1006.39;1006.39;0.0;Sí;Sí
149153;149163;0.0;invertida;101.28;101.28;101.28;0.0;Sí;Sí
148442;148511;0.0;invertida;527.18;527.18;527.18;0.0;Sí;Sí
147520;147534;0.0;invertida;87.48;87.48;87.48;0.0;Sí;Sí
143569;143836;0.0;invertida;1.06;1.06;1.06;0.0;Sí;Sí
146506;146591;0.0;invertida;305.57;305.57;305.57;0.0;Sí;Sí
145619;145614;0.0;invertida;150.58;150.58;150.58;0.0;Sí;Sí
148432;148427;0.0;invertida;295.67;295.67;295.67;0.0;Sí;Sí
148284;148206;0.0;invertida;416.32;416.32;416.32;0.0;Sí;Sí
148900;148686;0.0;invertida;1091.94;1091.94;1091.94;0.0;Sí;Sí
147924;147876;0.0;invertida;614.57;614.57;614.57;0.0;Sí;Sí
148442;148506;0.0;invertida;548.88;548.88;548.88;0.0;Sí;Sí
149018;149003;0.0;invertida;682.85;682.85;682.85;0.0;Sí;Sí
142275;142134;0.0;invertida;2770.2;2770.2;2770.2;0.0;Sí;Sí
146314;146319;0.0;invertida;31.85;31.85;31.85;0.0;Sí;Sí
146601;146623;0.0;invertida;87.57;87.57;87.57;0.0;Sí;Sí
146588;146589;0.0;invertida;63.96;63.96;63.96;0.0;Sí;Sí
148629;148637;0.0;invertida;93.39;93.39;93.39;0.0;Sí;Sí
148873;148887;0.0;invertida;343.78;343.78;343.78;0.0;Sí;Sí
75107;147054;0.0;invertida;303.23;303.23;303.23;0.0;Sí;Sí
148115;148181;0.0;invertida;179.52;179.52;179.52;0.0;Sí;Sí
146523;146535;0.0;invertida;148.14;148.14;148.14;0.0;Sí;Sí
148105;148186;0.0;invertida;251.17;251.17;251.17;0.0;Sí;Sí
148250;148251;0.0;invertida;78.87;78.87;78.87;0.0;Sí;Sí
147993;147917;0.0;invertida;243.42;243.42;243.42;0.0;Sí;Sí
149529;149530;0.0;invertida;32.12;32.12;32.12;0.0;Sí;Sí
148288;148295;0.0;invertida;74.74;74.74;74.74;0.0;Sí;Sí
148577;148622;0.0;invertida;853.01;853.01;853.01;0.0;Sí;Sí
148426;148388;0.0;invertida;179.94;179.94;179.94;0.0;Sí;Sí
145260;145423;0.0;invertida;894.79;894.79;894.79;0.0;Sí;Sí
145435;145438;0.0;invertida;50.38;50.38;50.38;0.0;Sí;Sí
148082;148109;0.0;invertida;201.81;201.81;201.81;0.0;Sí;Sí
147696;147676;0.0;invertida;91.14;91.14;91.14;0.0;Sí;Sí
143568;143634;0.0;invertida;409.09;409.09;409.09;0.0;Sí;Sí
148987;149014;0.0;invertida;1910.17;1910.17;1910.17;0.0;Sí;Sí
149676;149645;0.0;invertida;326.62;326.62;326.62;0.0;Sí;Sí
147180;147175;0.0;invertida;39.64;39.64;39.64;0.0;Sí;Sí
146821;146839;0.0;invertida;73.33;73.33;73.33;0.0;Sí;Sí
147619;147772;0.0;invertida;485.39;485.39;485.39;0.0;Sí;Sí
147681;147726;0.0;invertida;163.66;163.66;163.66;0.0;Sí;Sí
149496;149357;0.0;invertida;1513.1;1513.1;1513.1;0.0;Sí;Sí
207947;149612;0.0;invertida;1240.27;1240.27;1240.27;0.0;Sí;Sí
148250;148255;0.0;invertida;132.02;132.02;132.02;0.0;Sí;Sí
144576;144704;0.0;invertida;811.03;811.03;811.03;0.0;Sí;Sí
143667;144059;0.0;invertida;3994.88;3994.88;3994.88;0.0;Sí;Sí
148008;148033;0.0;invertida;422.21;422.21;422.21;0.0;Sí;Sí
144576;144318;0.0;invertida;1688.07;1688.07;1688.07;0.0;Sí;Sí
148618;148614;0.0;invertida;98.79;98.79;98.79;0.0;Sí;Sí
145584;145760;0.0;invertida;788.55;788.55;788.55;0.0;Sí;Sí
151224;151332;0.0;invertida;4790.67;4790.67;4790.67;0.0;Sí;Sí
148377;148370;0.0;invertida;300.8;300.8;300.8;0.0;Sí;Sí
150593;150301;0.0;invertida;1611.09;1611.09;1611.09;0.0;Sí;Sí
148380;148334;0.0;invertida;289.87;289.87;289.87;0.0;Sí;Sí
148172;148173;0.0;invertida;12.43;12.43;12.43;0.0;Sí;Sí
145808;146357;0.0;invertida;4358.94;4358.94;4358.94;0.0;Sí;Sí
149690;149675;0.0;invertida;165.71;165.71;165.71;0.0;Sí;Sí
143210;143349;0.0;invertida;703.01;703.01;703.01;0.0;Sí;Sí
144688;144694;0.0;invertida;59.75;59.75;59.75;0.0;Sí;Sí
147726;147751;0.0;invertida;117.67;117.67;117.67;0.0;Sí;Sí
143840;143868;0.0;invertida;142.02;142.02;142.02;0.0;Sí;Sí
144001;143653;0.0;invertida;3239.09;3239.09;3239.09;0.0;Sí;Sí
146370;146367;0.0;invertida;54.91;54.91;54.91;0.0;Sí;Sí
148092;148118;0.0;invertida;79.78;79.78;79.78;0.0;Sí;Sí
149653;149662;0.0;invertida;176.56;176.56;176.56;0.0;Sí;Sí
149850;149847;0.0;invertida;624.94;624.94;624.94;0.0;Sí;Sí
147571;147413;0.0;invertida;450.09;450.09;450.09;0.0;Sí;Sí
148650;148643;0.0;invertida;130.54;130.54;130.54;0.0;Sí;Sí
146586;146579;0.0;invertida;35.42;35.42;35.42;0.0;Sí;Sí
148817;148899;0.0;invertida;3098.41;3098.41;3098.41;0.0;Sí;Sí
149346;149359;0.0;invertida;751.18;751.18;751.18;0.0;Sí;Sí
148921;148887;0.0;invertida;925.54;925.54;925.54;0.0;Sí;Sí
148877;148871;0.0;invertida;261.27;261.27;261.27;0.0;Sí;Sí
148879;148863;0.0;invertida;293.81;293.81;293.81;0.0;Sí;Sí
148872;148873;0.0;invertida;51.28;51.28;51.28;0.0;Sí;Sí
150776;150767;0.0;invertida;71.52;71.52;71.52;0.0;Sí;Sí
147936;147950;0.0;invertida;129.48;129.48;129.48;0.0;Sí;Sí
146837;146807;0.0;invertida;185.0;185.0;185.0;0.0;Sí;Sí
144303;144263;0.0;invertida;1758.33;1758.33;1758.33;0.0;Sí;Sí
148069;148053;0.0;invertida;279.53;279.53;279.53;0.0;Sí;Sí
148827;148676;0.0;invertida;4.36;4.36;4.36;0.0;Sí;Sí
146627;146774;0.0;invertida;550.01;550.01;550.01;0.0;Sí;Sí
148636;148639;0.0;invertida;63.74;63.74;63.74;0.0;Sí;Sí
148393;148319;0.0;invertida;270.91;270.91;270.91;0.0;Sí;Sí
148209;148241;0.0;invertida;260.49;260.49;260.49;0.0;Sí;Sí
143753;143724;0.0;invertida;383.13;383.13;383.13;0.0;Sí;Sí
147393;147745;0.0;invertida;1165.93;1165.93;1165.93;0.0;Sí;Sí
148826;148974;0.0;invertida;987.62;987.62;987.62;0.0;Sí;Sí
149667;149675;0.0;invertida;870.68;870.68;870.68;0.0;Sí;Sí
149000;148974;0.0;invertida;314.04;314.04;314.04;0.0;Sí;Sí
145617;145991;0.0;invertida;1693.34;1693.34;1693.34;0.0;Sí;Sí
149253;149270;0.0;invertida;124.5;124.5;124.5;0.0;Sí;Sí
147596;147390;0.0;invertida;909.71;909.71;909.71;0.0;Sí;Sí
146774;146783;0.0;invertida;82.53;82.53;82.53;0.0;Sí;Sí
146554;146773;0.0;invertida;1086.8;1086.8;1086.8;0.0;Sí;Sí
148544;148545;0.0;invertida;85.08;85.08;85.08;0.0;Sí;Sí
146280;146283;0.0;invertida;96.33;96.33;96.33;0.0;Sí;Sí
146506;146509;0.0;invertida;2890.38;2890.38;2890.38;0.0;Sí;Sí
208074;147518;0.0;invertida;256.81;256.81;256.81;0.0;Sí;Sí
145235;144869;0.0;invertida;1888.7;1888.7;1888.7;0.0;Sí;Sí
147851;147878;0.0;invertida;354.41;354.41;354.41;0.0;Sí;Sí
146801;146764;0.0;invertida;80.47;80.47;80.47;0.0;Sí;Sí
144736;144701;0.0;invertida;459.05;459.05;459.05;0.0;Sí;Sí
147370;147252;0.0;invertida;541.06;541.06;541.06;0.0;Sí;Sí
208389;148206;0.0;invertida;292.91;292.91;292.91;0.0;Sí;Sí
147091;147127;0.0;invertida;349.34;349.34;349.34;0.0;Sí;Sí
148282;148371;0.0;invertida;353.64;353.64;353.64;0.0;Sí;Sí
150616;150593;0.0;invertida;100.24;100.24;100.24;0.0;Sí;Sí
146754;146471;0.0;invertida;1284.46;1284.46;1284.46;0.0;Sí;Sí
147833;147807;0.0;invertida;81.55;81.55;81.55;0.0;Sí;Sí
147721;147730;0.0;invertida;215.22;215.22;215.22;0.0;Sí;Sí
149618;149637;0.0;invertida;198.16;198.16;198.16;0.0;Sí;Sí
148070;147846;0.0;invertida;616.42;616.42;616.42;0.0;Sí;Sí
142507;142223;0.0;invertida;3397.55;3397.55;3397.55;0.0;Sí;Sí
143716;143735;0.0;invertida;142.87;142.87;142.87;0.0;Sí;Sí
146649;146660;0.0;invertida;38.91;38.91;38.91;0.0;Sí;Sí
147068;147029;0.0;invertida;120.88;120.88;120.88;0.0;Sí;Sí
143942;143951;0.0;invertida;115.05;115.05;115.05;0.0;Sí;Sí
146928;147345;0.0;invertida;2275.96;2275.96;2275.96;0.0;Sí;Sí
149675;149637;0.0;invertida;252.12;252.12;252.12;0.0;Sí;Sí
148802;148839;0.0;invertida;206.79;206.79;206.79;0.0;Sí;Sí
149056;75109;0.0;invertida;408.64;408.64;408.64;0.0;Sí;Sí
144370;144379;0.0;invertida;96.64;96.64;96.64;0.0;Sí;Sí
145890;146316;0.0;invertida;2533.86;2533.86;2533.86;0.0;Sí;Sí
146304;146282;0.0;invertida;358.48;358.48;358.48;0.0;Sí;Sí
145585;145610;0.0;invertida;105.59;105.59;105.59;0.0;Sí;Sí
151594;151332;0.0;invertida;3002.42;3002.42;3002.42;0.0;Sí;Sí
147504;147593;0.0;invertida;774.77;774.77;774.77;0.0;Sí;Sí
150346;150324;0.0;invertida;129.18;129.18;129.18;0.0;Sí;Sí
146575;146551;0.0;invertida;404.31;404.31;404.31;0.0;Sí;Sí
145600;145607;0.0;invertida;165.6;165.6;165.6;0.0;Sí;Sí
145524;145519;0.0;invertida;85.32;85.32;85.32;0.0;Sí;Sí
148752;148787;0.0;invertida;209.9;209.9;209.9;0.0;Sí;Sí
146907;146846;0.0;invertida;237.76;237.76;237.76;0.0;Sí;Sí
148241;148282;0.0;invertida;164.83;164.83;164.83;0.0;Sí;Sí
145656;145748;0.0;invertida;562.13;562.13;562.13;0.0;Sí;Sí
149913;149862;0.0;invertida;329.22;329.22;329.22;0.0;Sí;Sí
148542;148518;0.0;invertida;605.65;605.65;605.65;0.0;Sí;Sí
146123;145991;0.0;invertida;818.96;818.96;818.96;0.0;Sí;Sí
148752;75118;0.0;invertida;588.55;588.55;588.55;0.0;Sí;Sí
142815;75135;0.0;invertida;422.18;422.18;422.18;0.0;Sí;Sí
148987;149158;0.0;invertida;3392.39;3392.39;3392.39;0.0;Sí;Sí
144387;144379;0.0;invertida;262.23;262.23;262.23;0.0;Sí;Sí
147810;147791;0.0;invertida;193.29;193.29;193.29;0.0;Sí;Sí
144000;144303;0.0;invertida;2865.93;2865.93;2865.93;0.0;Sí;Sí
148491;148519;0.0;invertida;171.53;171.53;171.53;0.0;Sí;Sí
149521;149531;0.0;invertida;181.43;181.43;181.43;0.0;Sí;Sí
148843;75110;0.0;invertida;404.97;404.97;404.97;0.0;Sí;Sí
142148;142150;0.0;invertida;38.9;38.9;38.9;0.0;Sí;Sí
149003;148972;0.0;invertida;2050.19;2050.19;2050.19;0.0;Sí;Sí
144154;144261;0.0;invertida;631.21;631.21;631.21;0.0;Sí;Sí
75121;148746;0.0;invertida;1105.84;1105.84;1105.84;0.0;Sí;Sí
148066;148069;0.0;invertida;29.97;29.97;29.97;0.0;Sí;Sí
148553;148564;0.0;invertida;45.58;45.58;45.58;0.0;Sí;Sí
148626;148631;0.0;invertida;110.89;110.89;110.89;0.0;Sí;Sí
148585;148586;0.0;invertida;64.63;64.63;64.63;0.0;Sí;Sí
150074;150083;0.0;invertida;77.64;77.64;77.64;0.0;Sí;Sí
145385;145022;0.0;invertida;1893.45;1893.45;1893.45;0.0;Sí;Sí
147528;147899;0.0;invertida;1189.48;1189.48;1189.48;0.0;Sí;Sí
148201;148172;0.0;invertida;168.92;168.92;168.92;0.0;Sí;Sí
146646;147359;0.0;invertida;3.97;3.97;3.97;0.0;Sí;Sí
150018;149997;0.0;invertida;383.4;383.4;383.4;0.0;Sí;Sí
148958;148950;0.0;invertida;97.99;97.99;97.99;0.0;Sí;Sí
148036;148085;0.0;invertida;147.19;147.19;147.19;0.0;Sí;Sí
148728;148629;0.0;invertida;491.57;491.57;491.57;0.0;Sí;Sí
147730;147771;0.0;invertida;269.6;269.6;269.6;0.0;Sí;Sí
147764;147789;0.0;invertida;66.55;66.55;66.55;0.0;Sí;Sí
144617;144861;0.0;invertida;2568.32;2568.32;2568.32;0.0;Sí;Sí
146316;146367;0.0;invertida;461.08;461.08;461.08;0.0;Sí;Sí
147818;147789;0.0;invertida;94.05;94.05;94.05;0.0;Sí;Sí
147138;147091;0.0;invertida;194.39;194.39;194.39;0.0;Sí;Sí
146809;146818;0.0;invertida;84.13;84.13;84.13;0.0;Sí;Sí
147664;147757;0.0;invertida;511.56;511.56;511.56;0.0;Sí;Sí
148205;148238;0.0;invertida;140.18;140.18;140.18;0.0;Sí;Sí
148426;148405;0.0;invertida;175.69;175.69;175.69;0.0;Sí;Sí
146353;146409;0.0;invertida;1246.32;1246.32;1246.32;0.0;Sí;Sí
145428;145438;0.0;invertida;65.87;65.87;65.87;0.0;Sí;Sí
149464;149596;0.0;invertida;2209.87;2209.87;2209.87;0.0;Sí;Sí
143856;144055;0.0;invertida;2220.24;2220.24;2220.24;0.0;Sí;Sí
149064;149071;0.0;invertida;137.61;137.61;137.61;0.0;Sí;Sí
144001;143990;0.0;invertida;1004.19;1004.19;1004.19;0.0;Sí;Sí
144736;144794;0.0;invertida;451.22;451.22;451.22;0.0;Sí;Sí
146483;146501;0.0;invertida;104.79;104.79;104.79;0.0;Sí;Sí
150361;150346;0.0;invertida;98.41;98.41;98.41;0.0;Sí;Sí
148851;148759;0.0;invertida;497.47;497.47;497.47;0.0;Sí;Sí
142568;142145;0.0;invertida;7270.17;7270.17;7270.17;0.0;Sí;Sí
148392;148394;0.0;invertida;36.01;36.01;36.01;0.0;Sí;Sí
148053;148183;0.0;invertida;370.66;370.66;370.66;0.0;Sí;Sí
150377;150362;0.0;invertida;70.59;70.59;70.59;0.0;Sí;Sí
146648;146799;0.0;invertida;499.33;499.33;499.33;0.0;Sí;Sí
147169;147205;0.0;invertida;431.11;431.11;431.11;0.0;Sí;Sí
148896;148914;0.0;invertida;293.94;293.94;293.94;0.0;Sí;Sí
144338;144379;0.0;invertida;537.39;537.39;537.39;0.0;Sí;Sí
146774;146727;0.0;invertida;844.37;844.37;844.37;0.0;Sí;Sí
147537;147563;0.0;invertida;70.44;70.44;70.44;0.0;Sí;Sí
146288;146157;0.0;invertida;646.71;646.71;646.71;0.0;Sí;Sí
148637;148495;0.0;invertida;624.44;624.44;624.44;0.0;Sí;Sí
147830;147742;0.0;invertida;266.92;266.92;266.92;0.0;Sí;Sí
147243;147405;0.0;invertida;326.86;326.86;326.86;0.0;Sí;Sí
147664;147639;0.0;invertida;109.03;109.03;109.03;0.0;Sí;Sí
151037;151429;0.0;invertida;5.13;5.13;5.13;0.0;Sí;Sí
146409;146626;0.0;invertida;1020.42;1020.42;1020.42;0.0;Sí;Sí
148051;148055;0.0;invertida;116.75;116.75;116.75;0.0;Sí;Sí
148051;148060;0.0;invertida;161.15;161.15;161.15;0.0;Sí;Sí
146674;146703;0.0;invertida;128.51;128.51;128.51;0.0;Sí;Sí
147556;147404;0.0;invertida;542.88;542.88;542.88;0.0;Sí;Sí
146801;147663;0.0;invertida;2670.94;2670.94;2670.94;0.0;Sí;Sí
145402;145450;0.0;invertida;426.61;426.61;426.61;0.0;Sí;Sí
148506;148524;0.0;invertida;124.73;124.73;124.73;0.0;Sí;Sí
146659;146660;0.0;invertida;70.58;70.58;70.58;0.0;Sí;Sí
148386;148278;0.0;invertida;498.01;498.01;498.01;0.0;Sí;Sí
144338;144227;0.0;invertida;951.43;951.43;951.43;0.0;Sí;Sí
147138;147398;0.0;invertida;627.1;627.1;627.1;0.0;Sí;Sí
142133;142150;0.0;invertida;538.73;538.73;538.73;0.0;Sí;Sí
149829;150271;0.0;invertida;2977.1;2977.1;2977.1;0.0;Sí;Sí
147169;147165;0.0;invertida;190.36;190.36;190.36;0.0;Sí;Sí
148900;149004;0.0;invertida;991.11;991.11;991.11;0.0;Sí;Sí
150302;150271;0.0;invertida;260.21;260.21;260.21;0.0;Sí;Sí
148732;148764;0.0;invertida;243.94;243.94;243.94;0.0;Sí;Sí
147016;146908;0.0;invertida;313.16;313.16;313.16;0.0;Sí;Sí
75001;147771;0.0;invertida;88.6;88.6;88.6;0.0;Sí;Sí
147442;147639;0.0;invertida;803.17;803.17;803.17;0.0;Sí;Sí
147673;147742;0.0;invertida;508.53;508.53;508.53;0.0;Sí;Sí
148603;148749;0.0;invertida;733.69;733.69;733.69;0.0;Sí;Sí
146741;146814;0.0;invertida;399.38;399.38;399.38;0.0;Sí;Sí
149473;149507;0.0;invertida;544.35;544.35;544.35;0.0;Sí;Sí
145650;144975;0.0;invertida;3599.69;3599.69;3599.69;0.0;Sí;Sí
150326;150095;0.0;invertida;2333.88;2333.88;2333.88;0.0;Sí;Sí
150556;150526;0.0;invertida;175.3;175.3;175.3;0.0;Sí;Sí
147682;147707;0.0;invertida;73.55;73.55;73.55;0.0;Sí;Sí
144754;144139;0.0;invertida;4819.98;4819.98;4819.98;0.0;Sí;Sí
145500;145950;0.0;invertida;2014.27;2014.27;2014.27;0.0;Sí;Sí
150744;150767;0.0;invertida;1227.08;1227.08;1227.08;0.0;Sí;Sí
149496;149501;0.0;invertida;56.57;56.57;56.57;0.0;Sí;Sí
148419;148415;0.0;invertida;74.01;74.01;74.01;0.0;Sí;Sí
147585;147593;0.0;invertida;385.87;385.87;385.87;0.0;Sí;Sí
143568;143569;0.0;invertida;1677.04;1677.04;1677.04;0.0;Sí;Sí
145537;145545;0.0;invertida;118.78;118.78;118.78;0.0;Sí;Sí
145585;145597;0.0;invertida;213.88;213.88;213.88;0.0;Sí;Sí
146252;146149;0.0;invertida;504.31;504.31;504.31;0.0;Sí;Sí
148088;148113;0.0;invertida;117.4;117.4;117.4;0.0;Sí;Sí
207929;147413;0.0;invertida;159.97;159.97;159.97;0.0;Sí;Sí
147350;147175;0.0;invertida;291.66;291.66;291.66;0.0;Sí;Sí
142181;142198;0.0;invertida;312.82;312.82;312.82;0.0;Sí;Sí
147341;146623;0.0;invertida;2065.97;2065.97;2065.97;0.0;Sí;Sí
145833;145852;0.0;invertida;82.02;82.02;82.02;0.0;Sí;Sí
149056;149064;0.0;invertida;1217.26;1217.26;1217.26;0.0;Sí;Sí
149640;149653;0.0;invertida;169.24;169.24;169.24;0.0;Sí;Sí
148448;148426;0.0;invertida;93.26;93.26;93.26;0.0;Sí;Sí
150201;150188;0.0;invertida;81.58;81.58;81.58;0.0;Sí;Sí
144992;145186;0.0;invertida;1191.96;1191.96;1191.96;0.0;Sí;Sí
148369;147986;0.0;invertida;1175.38;1175.38;1175.38;0.0;Sí;Sí
148205;148183;0.0;invertida;79.61;79.61;79.61;0.0;Sí;Sí
148584;148624;0.0;invertida;160.51;160.51;160.51;0.0;Sí;Sí
148008;147883;0.0;invertida;355.32;355.32;355.32;0.0;Sí;Sí
148557;148542;0.0;invertida;101.12;101.12;101.12;0.0;Sí;Sí
146891;146932;0.0;invertida;504.73;504.73;504.73;0.0;Sí;Sí
148364;148356;0.0;invertida;38.28;38.28;38.28;0.0;Sí;Sí
146399;146383;0.0;invertida;128.21;128.21;128.21;0.0;Sí;Sí
148181;148711;0.0;invertida;2212.11;2212.11;2212.11;0.0;Sí;Sí
146849;146839;0.0;invertida;53.54;53.54;53.54;0.0;Sí;Sí
148260;208389;0.0;invertida;169.08;169.08;169.08;0.0;Sí;Sí
149995;149997;0.0;invertida;54.12;54.12;54.12;0.0;Sí;Sí
143750;143767;0.0;invertida;71.67;71.67;71.67;0.0;Sí;Sí
148101;148159;0.0;invertida;152.29;152.29;152.29;0.0;Sí;Sí
146449;146483;0.0;invertida;160.7;160.7;160.7;0.0;Sí;Sí
145600;145603;0.0;invertida;321.25;321.25;321.25;0.0;Sí;Sí
146482;146597;0.0;invertida;1295.65;1295.65;1295.65;0.0;Sí;Sí
148545;148519;0.0;invertida;507.84;507.84;507.84;0.0;Sí;Sí
146546;146535;0.0;invertida;110.64;110.64;110.64;0.0;Sí;Sí
149064;149051;0.0;invertida;64.48;64.48;64.48;0.0;Sí;Sí
145748;146429;0.0;invertida;4285.94;4285.94;4285.94;0.0;Sí;Sí
149618;207947;0.0;invertida;1477.96;1477.96;1477.96;0.0;Sí;Sí
144363;144261;0.0;invertida;851.91;851.91;851.91;0.0;Sí;Sí
146288;146385;0.0;invertida;745.39;745.39;745.39;0.0;Sí;Sí
147512;147282;0.0;invertida;901.14;901.14;901.14;0.0;Sí;Sí
148689;148637;0.0;invertida;253.27;253.27;253.27;0.0;Sí;Sí
143753;143653;0.0;invertida;3604.09;3604.09;3604.09;0.0;Sí;Sí
148346;148253;0.0;invertida;803.77;803.77;803.77;0.0;Sí;Sí
149578;149540;0.0;invertida;262.73;262.73;262.73;0.0;Sí;Sí
146612;146622;0.0;invertida;34.47;34.47;34.47;0.0;Sí;Sí
149357;149351;0.0;invertida;83.88;83.88;83.88;0.0;Sí;Sí
144617;144404;0.0;invertida;1262.96;1262.96;1262.96;0.0;Sí;Sí
148085;148101;0.0;invertida;47.46;47.46;47.46;0.0;Sí;Sí
148394;148347;0.0;invertida;303.49;303.49;303.49;0.0;Sí;Sí
143930;143909;0.0;invertida;279.91;279.91;279.91;0.0;Sí;Sí
149083;148983;0.0;invertida;882.43;882.43;882.43;0.0;Sí;Sí
148810;148813;0.0;invertida;99.42;99.42;99.42;0.0;Sí;Sí
149995;149988;0.0;invertida;28.97;28.97;28.97;0.0;Sí;Sí
143524;143494;0.0;invertida;230.29;230.29;230.29;0.0;Sí;Sí
146648;146651;0.0;invertida;407.2;407.2;407.2;0.0;Sí;Sí
142673;75135;0.0;invertida;656.9;656.9;656.9;0.0;Sí;Sí
148152;148232;0.0;invertida;2668.19;2668.19;2668.19;0.0;Sí;Sí
147594;147663;0.0;invertida;659.85;659.85;659.85;0.0;Sí;Sí
148172;147940;0.0;invertida;696.93;696.93;696.93;0.0;Sí;Sí
145987;146462;0.0;invertida;1.01;1.01;1.01;0.0;Sí;Sí
75096;148023;0.0;invertida;324.84;324.84;324.84;0.0;Sí;Sí
149305;149294;0.0;invertida;3222.71;3222.71;3222.71;0.0;Sí;Sí
150616;150702;0.0;invertida;367.07;367.07;367.07;0.0;Sí;Sí
75112;147404;0.0;invertida;171.35;171.35;171.35;0.0;Sí;Sí
147693;147695;0.0;invertida;29.78;29.78;29.78;0.0;Sí;Sí
75113;147366;0.0;invertida;77.52;77.52;77.52;0.0;Sí;Sí
143952;143667;0.0;invertida;3060.62;3060.62;3060.62;0.0;Sí;Sí
146157;146133;0.0;invertida;157.29;157.29;157.29;0.0;Sí;Sí
150300;150302;0.0;invertida;46.41;46.41;46.41;0.0;Sí;Sí
146149;146054;0.0;invertida;551.06;551.06;551.06;0.0;Sí;Sí
146617;146630;0.0;invertida;661.26;661.26;661.26;0.0;Sí;Sí
148392;148411;0.0;invertida;99.48;99.48;99.48;0.0;Sí;Sí
146764;146215;0.0;invertida;4652.85;4652.85;4652.85;0.0;Sí;Sí
148188;148158;0.0;invertida;134.69;134.69;134.69;0.0;Sí;Sí
148896;148907;0.0;invertida;300.17;300.17;300.17;0.0;Sí;Sí
145607;145599;0.0;invertida;21.28;21.28;21.28;0.0;Sí;Sí
144154;144143;0.0;invertida;119.95;119.95;119.95;0.0;Sí;Sí
148473;148495;0.0;invertida;91.04;91.04;91.04;0.0;Sí;Sí
148761;208231;0.0;invertida;606.49;606.49;606.49;0.0;Sí;Sí
145659;145717;0.0;invertida;313.11;313.11;313.11;0.0;Sí;Sí
145186;145222;0.0;invertida;338.11;338.11;338.11;0.0;Sí;Sí
146706;146701;0.0;invertida;74.79;74.79;74.79;0.0;Sí;Sí
147993;148053;0.0;invertida;338.53;338.53;338.53;0.0;Sí;Sí
147469;146765;0.0;invertida;2831.13;2831.13;2831.13;0.0;Sí;Sí
148691;148699;0.0;invertida;190.38;190.38;190.38;0.0;Sí;Sí
143810;143735;0.0;invertida;483.59;483.59;483.59;0.0;Sí;Sí
147122;147187;0.0;invertida;149.94;149.94;149.94;0.0;Sí;Sí
145585;145581;0.0;invertida;132.54;132.54;132.54;0.0;Sí;Sí
146013;146111;0.0;invertida;519.81;519.81;519.81;0.0;Sí;Sí
146732;146735;0.0;invertida;28.92;28.92;28.92;0.0;Sí;Sí
147696;147724;0.0;invertida;96.94;96.94;96.94;0.0;Sí;Sí
148376;148346;0.0;invertida;364.48;364.48;364.48;0.0;Sí;Sí
144024;144143;0.0;invertida;2103.57;2103.57;2103.57;0.0;Sí;Sí
145222;145055;0.0;invertida;672.15;672.15;672.15;0.0;Sí;Sí
146153;146486;0.0;invertida;3248.34;3248.34;3248.34;0.0;Sí;Sí
145435;145428;0.0;invertida;44.97;44.97;44.97;0.0;Sí;Sí
146049;146115;0.0;invertida;1022.05;1022.05;1022.05;0.0;Sí;Sí
143953;143951;0.0;invertida;123.85;123.85;123.85;0.0;Sí;Sí
143809;143795;0.0;invertida;704.38;704.38;704.38;0.0;Sí;Sí
148381;148389;0.0;invertida;135.45;135.45;135.45;0.0;Sí;Sí
144686;144695;0.0;invertida;89.19;89.19;89.19;0.0;Sí;Sí
148800;148797;0.0;invertida;155.76;155.76;155.76;0.0;Sí;Sí
148491;148411;0.0;invertida;345.04;345.04;345.04;0.0;Sí;Sí
146436;146429;0.0;invertida;46.84;46.84;46.84;0.0;Sí;Sí
149744;149596;0.0;invertida;358.75;358.75;358.75;0.0;Sí;Sí
145928;145938;0.0;invertida;101.94;101.94;101.94;0.0;Sí;Sí
150296;150300;0.0;invertida;61.85;61.85;61.85;0.0;Sí;Sí
146153;146022;0.0;invertida;745.52;745.52;745.52;0.0;Sí;Sí
148764;148893;0.0;invertida;728.02;728.02;728.02;0.0;Sí;Sí
207930;147909;0.0;invertida;306.45;306.45;306.45;0.0;Sí;Sí
143824;143806;0.0;invertida;116.96;116.96;116.96;0.0;Sí;Sí
148699;148708;0.0;invertida;220.0;220.0;220.0;0.0;Sí;Sí
146658;146682;0.0;invertida;135.29;135.29;135.29;0.0;Sí;Sí
207929;147260;0.0;invertida;315.73;315.73;315.73;0.0;Sí;Sí
147244;147221;0.0;invertida;68.4;68.4;68.4;0.0;Sí;Sí
149277;149269;0.0;invertida;31.42;31.42;31.42;0.0;Sí;Sí
75001;75002;0.0;invertida;232.46;232.46;232.46;0.0;Sí;Sí
146282;146270;0.0;invertida;237.53;237.53;237.53;0.0;Sí;Sí
146149;146191;0.0;invertida;1354.04;1354.04;1354.04;0.0;Sí;Sí
148737;148802;0.0;invertida;415.8;415.8;415.8;0.0;Sí;Sí
75112;147262;0.0;invertida;155.4;155.4;155.4;0.0;Sí;Sí
146802;147012;0.0;invertida;991.85;991.85;991.85;0.0;Sí;Sí
147876;147877;0.0;invertida;333.72;333.72;333.72;0.0;Sí;Sí
146608;146678;0.0;invertida;535.44;535.44;535.44;0.0;Sí;Sí
148352;148261;0.0;invertida;253.85;253.85;253.85;0.0;Sí;Sí
148204;148220;0.0;invertida;40.65;40.65;40.65;0.0;Sí;Sí
148128;148109;0.0;invertida;107.71;107.71;107.71;0.0;Sí;Sí
146346;146379;0.0;invertida;395.9;395.9;395.9;0.0;Sí;Sí
148224;148186;0.0;invertida;131.56;131.56;131.56;0.0;Sí;Sí
148171;148213;0.0;invertida;165.17;165.17;165.17;0.0;Sí;Sí
143909;143861;0.0;invertida;352.1;352.1;352.1;0.0;Sí;Sí
148484;148518;0.0;invertida;460.92;460.92;460.92;0.0;Sí;Sí
148184;148182;0.0;invertida;530.23;530.23;530.23;0.0;Sí;Sí
147497;147518;0.0;invertida;135.18;135.18;135.18;0.0;Sí;Sí
148689;148737;0.0;invertida;215.16;215.16;215.16;0.0;Sí;Sí
146928;146462;0.0;invertida;1837.89;1837.89;1837.89;0.0;Sí;Sí
149377;149371;0.0;invertida;26.97;26.97;26.97;0.0;Sí;Sí
149504;149530;0.0;invertida;166.97;166.97;166.97;0.0;Sí;Sí
75114;147412;0.0;invertida;117.75;117.75;117.75;0.0;Sí;Sí
148008;148032;0.0;invertida;206.57;206.57;206.57;0.0;Sí;Sí
144370;144308;0.0;invertida;1113.17;1113.17;1113.17;0.0;Sí;Sí
147029;147005;0.0;invertida;61.44;61.44;61.44;0.0;Sí;Sí
144320;144318;0.0;invertida;93.47;93.47;93.47;0.0;Sí;Sí
144624;144654;0.0;invertida;149.98;149.98;149.98;0.0;Sí;Sí
147145;147169;0.0;invertida;62.16;62.16;62.16;0.0;Sí;Sí
147764;147757;0.0;invertida;49.53;49.53;49.53;0.0;Sí;Sí
146280;146294;0.0;invertida;110.05;110.05;110.05;0.0;Sí;Sí
146772;146749;0.0;invertida;92.95;92.95;92.95;0.0;Sí;Sí
144961;144910;0.0;invertida;289.1;289.1;289.1;0.0;Sí;Sí
147984;148089;0.0;invertida;412.58;412.58;412.58;0.0;Sí;Sí
145514;145235;0.0;invertida;2301.09;2301.09;2301.09;0.0;Sí;Sí
151089;150715;0.0;invertida;3922.81;3922.81;3922.81;0.0;Sí;Sí
148105;148085;0.0;invertida;65.3;65.3;65.3;0.0;Sí;Sí
147667;147693;0.0;invertida;278.72;278.72;278.72;0.0;Sí;Sí
147233;147315;0.0;invertida;501.12;501.12;501.12;0.0;Sí;Sí
207947;148908;0.0;invertida;4804.63;4804.63;4804.63;0.0;Sí;Sí
147152;208425;0.0;invertida;103.78;103.78;103.78;0.0;Sí;Sí
147825;147810;0.0;invertida;41.94;41.94;41.94;0.0;Sí;Sí
150201;150134;0.0;invertida;932.46;932.46;932.46;0.0;Sí;Sí
147866;147851;0.0;invertida;570.2;570.2;570.2;0.0;Sí;Sí
148352;148356;0.0;invertida;15.8;15.8;15.8;0.0;Sí;Sí
146601;146509;0.0;invertida;329.36;329.36;329.36;0.0;Sí;Sí
147145;147174;0.0;invertida;490.85;490.85;490.85;0.0;Sí;Sí
148921;148940;0.0;invertida;182.02;182.02;182.02;0.0;Sí;Sí
151224;151223;0.0;invertida;116.17;116.17;116.17;0.0;Sí;Sí
148480;75101;0.0;invertida;437.71;437.71;437.71;0.0;Sí;Sí
150041;150132;0.0;invertida;704.45;704.45;704.45;0.0;Sí;Sí
145619;145581;0.0;invertida;214.07;214.07;214.07;0.0;Sí;Sí
148364;148415;0.0;invertida;479.62;479.62;479.62;0.0;Sí;Sí
144744;144737;0.0;invertida;52.25;52.25;52.25;0.0;Sí;Sí
